file,line,type,commit,author,date,time,timezone,datetime,depth,length
style.css,1,css,a8271d8c,John,2025-04-10,18:10:25,-07:00,2025-04-10T18:10:25-07:00,0,5
style.css,2,css,a8271d8c,John,2025-04-10,18:10:25,-07:00,2025-04-10T18:10:25-07:00,1,33
style.css,3,css,a8271d8c,John,2025-04-10,18:10:25,-07:00,2025-04-10T18:10:25-07:00,0,0
style.css,4,css,593ce8bc,John,2025-04-18,20:51:32,-07:00,2025-04-18T20:51:32-07:00,0,4
style.css,5,css,593ce8bc,John,2025-04-18,20:51:32,-07:00,2025-04-18T20:51:32-07:00,1,23
style.css,6,css,593ce8bc,John,2025-04-18,20:51:32,-07:00,2025-04-18T20:51:32-07:00,0,0
style.css,7,css,a8271d8c,John,2025-04-10,18:10:25,-07:00,2025-04-10T18:10:25-07:00,0,4
style.css,8,css,a8271d8c,John,2025-04-10,18:10:25,-07:00,2025-04-10T18:10:25-07:00,1,43
style.css,9,css,38dc7558,John,2025-05-02,19:45:41,-07:00,2025-05-02T19:45:41-07:00,1,45
style.css,10,css,a8271d8c,John,2025-04-10,18:10:25,-07:00,2025-04-10T18:10:25-07:00,1,23
style.css,11,css,a8271d8c,John,2025-04-10,18:10:25,-07:00,2025-04-10T18:10:25-07:00,1,15
style.css,12,css,a8271d8c,John,2025-04-10,18:10:25,-07:00,2025-04-10T18:10:25-07:00,1,42
style.css,13,css,a8271d8c,John,2025-04-10,18:10:25,-07:00,2025-04-10T18:10:25-07:00,1,9
style.css,14,css,a8271d8c,John,2025-04-10,18:10:25,-07:00,2025-04-10T18:10:25-07:00,1,32
style.css,15,css,a8271d8c,John,2025-04-10,18:10:25,-07:00,2025-04-10T18:10:25-07:00,0,0
style.css,16,css,593ce8bc,John,2025-04-18,20:51:32,-07:00,2025-04-18T20:51:32-07:00,0,35
style.css,17,css,593ce8bc,John,2025-04-18,20:51:32,-07:00,2025-04-18T20:51:32-07:00,0,13
style.css,18,css,593ce8bc,John,2025-04-18,20:51:32,-07:00,2025-04-18T20:51:32-07:00,1,17
style.css,19,css,593ce8bc,John,2025-04-18,20:51:32,-07:00,2025-04-18T20:51:32-07:00,1,8
style.css,20,css,593ce8bc,John,2025-04-18,20:51:32,-07:00,2025-04-18T20:51:32-07:00,1,10
style.css,21,css,593ce8bc,John,2025-04-18,20:51:32,-07:00,2025-04-18T20:51:32-07:00,1,13
style.css,22,css,593ce8bc,John,2025-04-18,20:51:32,-07:00,2025-04-18T20:51:32-07:00,0,0
style.css,23,css,593ce8bc,John,2025-04-18,20:51:32,-07:00,2025-04-18T20:51:32-07:00,0,28
style.css,24,css,593ce8bc,John,2025-04-18,20:51:32,-07:00,2025-04-18T20:51:32-07:00,0,6
style.css,25,css,593ce8bc,John,2025-04-18,20:51:32,-07:00,2025-04-18T20:51:32-07:00,1,19
style.css,26,css,593ce8bc,John,2025-04-18,20:51:32,-07:00,2025-04-18T20:51:32-07:00,0,0
style.css,27,css,a8271d8c,John,2025-04-10,18:10:25,-07:00,2025-04-10T18:10:25-07:00,0,3
style.css,28,css,a8271d8c,John,2025-04-10,18:10:25,-07:00,2025-04-10T18:10:25-07:00,1,12
style.css,29,css,a8271d8c,John,2025-04-10,18:10:25,-07:00,2025-04-10T18:10:25-07:00,1,17
style.css,30,css,a8271d8c,John,2025-04-10,18:10:25,-07:00,2025-04-10T18:10:25-07:00,1,23
style.css,31,css,a8271d8c,John,2025-04-10,18:10:25,-07:00,2025-04-10T18:10:25-07:00,1,25
style.css,32,css,a8271d8c,John,2025-04-10,18:10:25,-07:00,2025-04-10T18:10:25-07:00,1,37
style.css,33,css,593ce8bc,John,2025-04-18,20:51:32,-07:00,2025-04-18T20:51:32-07:00,1,13
style.css,34,css,593ce8bc,John,2025-04-18,20:51:32,-07:00,2025-04-18T20:51:32-07:00,1,39
style.css,35,css,593ce8bc,John,2025-04-18,20:51:32,-07:00,2025-04-18T20:51:32-07:00,1,39
style.css,36,css,a8271d8c,John,2025-04-10,18:10:25,-07:00,2025-04-10T18:10:25-07:00,0,0
style.css,37,css,a8271d8c,John,2025-04-10,18:10:25,-07:00,2025-04-10T18:10:25-07:00,0,5
style.css,38,css,a8271d8c,John,2025-04-10,18:10:25,-07:00,2025-04-10T18:10:25-07:00,1,12
style.css,39,css,a8271d8c,John,2025-04-10,18:10:25,-07:00,2025-04-10T18:10:25-07:00,1,20
style.css,40,css,a8271d8c,John,2025-04-10,18:10:25,-07:00,2025-04-10T18:10:25-07:00,1,13
style.css,41,css,a8271d8c,John,2025-04-10,18:10:25,-07:00,2025-04-10T18:10:25-07:00,1,20
style.css,42,css,a8271d8c,John,2025-04-10,18:10:25,-07:00,2025-04-10T18:10:25-07:00,1,13
style.css,43,css,a8271d8c,John,2025-04-10,18:10:25,-07:00,2025-04-10T18:10:25-07:00,1,12
style.css,44,css,a8271d8c,John,2025-04-10,18:10:25,-07:00,2025-04-10T18:10:25-07:00,1,22
style.css,45,css,a8271d8c,John,2025-04-10,18:10:25,-07:00,2025-04-10T18:10:25-07:00,1,18
style.css,46,css,a8271d8c,John,2025-04-10,18:10:25,-07:00,2025-04-10T18:10:25-07:00,0,0
style.css,47,css,a8271d8c,John,2025-04-10,18:10:25,-07:00,2025-04-10T18:10:25-07:00,0,11
style.css,48,css,a8271d8c,John,2025-04-10,18:10:25,-07:00,2025-04-10T18:10:25-07:00,1,25
style.css,49,css,a8271d8c,John,2025-04-10,18:10:25,-07:00,2025-04-10T18:10:25-07:00,1,25
style.css,50,css,a8271d8c,John,2025-04-10,18:10:25,-07:00,2025-04-10T18:10:25-07:00,1,39
style.css,51,css,593ce8bc,John,2025-04-18,20:51:32,-07:00,2025-04-18T20:51:32-07:00,1,37
style.css,52,css,593ce8bc,John,2025-04-18,20:51:32,-07:00,2025-04-18T20:51:32-07:00,1,62
style.css,53,css,593ce8bc,John,2025-04-18,20:51:32,-07:00,2025-04-18T20:51:32-07:00,1,13
style.css,54,css,593ce8bc,John,2025-04-18,20:51:32,-07:00,2025-04-18T20:51:32-07:00,1,69
style.css,55,css,a8271d8c,John,2025-04-10,18:10:25,-07:00,2025-04-10T18:10:25-07:00,0,0
style.css,56,css,a8271d8c,John,2025-04-10,18:10:25,-07:00,2025-04-10T18:10:25-07:00,0,13
style.css,57,css,a8271d8c,John,2025-04-10,18:10:25,-07:00,2025-04-10T18:10:25-07:00,1,16
style.css,58,css,a8271d8c,John,2025-04-10,18:10:25,-07:00,2025-04-10T18:10:25-07:00,1,13
style.css,59,css,a8271d8c,John,2025-04-10,18:10:25,-07:00,2025-04-10T18:10:25-07:00,1,23
style.css,60,css,a8271d8c,John,2025-04-10,18:10:25,-07:00,2025-04-10T18:10:25-07:00,1,25
style.css,61,css,a8271d8c,John,2025-04-10,18:10:25,-07:00,2025-04-10T18:10:25-07:00,1,25
style.css,62,css,593ce8bc,John,2025-04-18,20:51:32,-07:00,2025-04-18T20:51:32-07:00,1,13
style.css,63,css,593ce8bc,John,2025-04-18,20:51:32,-07:00,2025-04-18T20:51:32-07:00,1,43
style.css,64,css,593ce8bc,John,2025-04-18,20:51:32,-07:00,2025-04-18T20:51:32-07:00,1,12
style.css,65,css,593ce8bc,John,2025-04-18,20:51:32,-07:00,2025-04-18T20:51:32-07:00,1,39
style.css,66,css,593ce8bc,John,2025-04-18,20:51:32,-07:00,2025-04-18T20:51:32-07:00,0,0
style.css,67,css,a8271d8c,John,2025-04-10,18:10:25,-07:00,2025-04-10T18:10:25-07:00,0,4
style.css,68,css,a8271d8c,John,2025-04-10,18:10:25,-07:00,2025-04-10T18:10:25-07:00,1,12
style.css,69,css,a8271d8c,John,2025-04-10,18:10:25,-07:00,2025-04-10T18:10:25-07:00,1,30
style.css,70,css,a8271d8c,John,2025-04-10,18:10:25,-07:00,2025-04-10T18:10:25-07:00,1,7
style.css,71,css,a8271d8c,John,2025-04-10,18:10:25,-07:00,2025-04-10T18:10:25-07:00,0,0
style.css,72,css,a8271d8c,John,2025-04-10,18:10:25,-07:00,2025-04-10T18:10:25-07:00,0,5
style.css,73,css,a8271d8c,John,2025-04-10,18:10:25,-07:00,2025-04-10T18:10:25-07:00,1,12
style.css,74,css,a8271d8c,John,2025-04-10,18:10:25,-07:00,2025-04-10T18:10:25-07:00,1,29
style.css,75,css,a8271d8c,John,2025-04-10,18:10:25,-07:00,2025-04-10T18:10:25-07:00,1,18
style.css,76,css,a8271d8c,John,2025-04-10,18:10:25,-07:00,2025-04-10T18:10:25-07:00,0,0
style.css,77,css,a8271d8c,John,2025-04-10,18:10:25,-07:00,2025-04-10T18:10:25-07:00,0,6
style.css,78,css,a8271d8c,John,2025-04-10,18:10:25,-07:00,2025-04-10T18:10:25-07:00,1,18
style.css,79,css,a8271d8c,John,2025-04-10,18:10:25,-07:00,2025-04-10T18:10:25-07:00,0,0
style.css,80,css,a8271d8c,John,2025-04-10,18:10:25,-07:00,2025-04-10T18:10:25-07:00,0,9
style.css,81,css,a8271d8c,John,2025-04-10,18:10:25,-07:00,2025-04-10T18:10:25-07:00,1,12
style.css,82,css,a8271d8c,John,2025-04-10,18:10:25,-07:00,2025-04-10T18:10:25-07:00,1,58
style.css,83,css,a8271d8c,John,2025-04-10,18:10:25,-07:00,2025-04-10T18:10:25-07:00,1,7
style.css,84,css,a8271d8c,John,2025-04-10,18:10:25,-07:00,2025-04-10T18:10:25-07:00,0,0
style.css,85,css,a8271d8c,John,2025-04-10,18:10:25,-07:00,2025-04-10T18:10:25-07:00,0,7
style.css,86,css,a8271d8c,John,2025-04-10,18:10:25,-07:00,2025-04-10T18:10:25-07:00,1,12
style.css,87,css,a8271d8c,John,2025-04-10,18:10:25,-07:00,2025-04-10T18:10:25-07:00,1,26
style.css,88,css,a8271d8c,John,2025-04-10,18:10:25,-07:00,2025-04-10T18:10:25-07:00,1,15
style.css,89,css,a8271d8c,John,2025-04-10,18:10:25,-07:00,2025-04-10T18:10:25-07:00,0,0
style.css,90,css,a8271d8c,John,2025-04-10,18:10:25,-07:00,2025-04-10T18:10:25-07:00,0,2
style.css,91,css,a8271d8c,John,2025-04-10,18:10:25,-07:00,2025-04-10T18:10:25-07:00,1,8
style.css,92,css,a8271d8c,John,2025-04-10,18:10:25,-07:00,2025-04-10T18:10:25-07:00,0,0
style.css,93,css,a8271d8c,John,2025-04-10,18:10:25,-07:00,2025-04-10T18:10:25-07:00,0,26
style.css,94,css,a8271d8c,John,2025-04-10,18:10:25,-07:00,2025-04-10T18:10:25-07:00,0,22
style.css,95,css,a8271d8c,John,2025-04-10,18:10:25,-07:00,2025-04-10T18:10:25-07:00,1,15
style.css,96,css,a8271d8c,John,2025-04-10,18:10:25,-07:00,2025-04-10T18:10:25-07:00,1,17
style.css,97,css,a8271d8c,John,2025-04-10,18:10:25,-07:00,2025-04-10T18:10:25-07:00,0,0
style.css,98,css,a8271d8c,John,2025-04-10,18:10:25,-07:00,2025-04-10T18:10:25-07:00,0,35
style.css,99,css,a8271d8c,John,2025-04-10,18:10:25,-07:00,2025-04-10T18:10:25-07:00,0,2
style.css,100,css,a8271d8c,John,2025-04-10,18:10:25,-07:00,2025-04-10T18:10:25-07:00,1,14
style.css,101,css,41ad6a29,John,2025-04-11,20:28:07,-07:00,2025-04-11T20:28:07-07:00,0,0
style.css,102,css,41ad6a29,John,2025-04-11,20:28:07,-07:00,2025-04-11T20:28:07-07:00,0,48
style.css,103,css,41ad6a29,John,2025-04-11,20:28:07,-07:00,2025-04-11T20:28:07-07:00,0,27
style.css,104,css,41ad6a29,John,2025-04-11,20:28:07,-07:00,2025-04-11T20:28:07-07:00,0,11
style.css,105,css,41ad6a29,John,2025-04-11,20:28:07,-07:00,2025-04-11T20:28:07-07:00,1,18
style.css,106,css,ed108440,John,2025-05-02,13:54:24,-07:00,2025-05-02T13:54:24-07:00,1,71
style.css,107,css,41ad6a29,John,2025-04-11,20:28:07,-07:00,2025-04-11T20:28:07-07:00,1,14
style.css,108,css,41ad6a29,John,2025-04-11,20:28:07,-07:00,2025-04-11T20:28:07-07:00,1,17
style.css,109,css,41ad6a29,John,2025-04-11,20:28:07,-07:00,2025-04-11T20:28:07-07:00,1,39
style.css,110,css,41ad6a29,John,2025-04-11,20:28:07,-07:00,2025-04-11T20:28:07-07:00,0,0
style.css,111,css,ed108440,John,2025-05-02,13:54:24,-07:00,2025-05-02T13:54:24-07:00,0,22
style.css,112,css,ed108440,John,2025-05-02,13:54:24,-07:00,2025-05-02T13:54:24-07:00,0,35
style.css,113,css,ed108440,John,2025-05-02,13:54:24,-07:00,2025-05-02T13:54:24-07:00,1,11
style.css,114,css,ed108440,John,2025-05-02,13:54:24,-07:00,2025-05-02T13:54:24-07:00,2,70
style.css,115,css,ed108440,John,2025-05-02,13:54:24,-07:00,2025-05-02T13:54:24-07:00,1,0
style.css,116,css,ed108440,John,2025-05-02,13:54:24,-07:00,2025-05-02T13:54:24-07:00,0,0
style.css,117,css,41ad6a29,John,2025-04-11,20:28:07,-07:00,2025-04-11T20:28:07-07:00,0,11
style.css,118,css,41ad6a29,John,2025-04-11,20:28:07,-07:00,2025-04-11T20:28:07-07:00,1,20
style.css,119,css,41ad6a29,John,2025-04-11,20:28:07,-07:00,2025-04-11T20:28:07-07:00,0,0
style.css,120,css,41ad6a29,John,2025-04-11,20:28:07,-07:00,2025-04-11T20:28:07-07:00,0,18
style.css,121,css,41ad6a29,John,2025-04-11,20:28:07,-07:00,2025-04-11T20:28:07-07:00,1,12
style.css,122,css,41ad6a29,John,2025-04-11,20:28:07,-07:00,2025-04-11T20:28:07-07:00,1,14
style.css,123,css,41ad6a29,John,2025-04-11,20:28:07,-07:00,2025-04-11T20:28:07-07:00,1,26
style.css,124,css,41ad6a29,John,2025-04-11,20:28:07,-07:00,2025-04-11T20:28:07-07:00,1,10
style.css,125,css,41ad6a29,John,2025-04-11,20:28:07,-07:00,2025-04-11T20:28:07-07:00,1,20
style.css,126,css,41ad6a29,John,2025-04-11,20:28:07,-07:00,2025-04-11T20:28:07-07:00,1,20
style.css,127,css,41ad6a29,John,2025-04-11,20:28:07,-07:00,2025-04-11T20:28:07-07:00,0,0
style.css,128,css,41ad6a29,John,2025-04-11,20:28:07,-07:00,2025-04-11T20:28:07-07:00,0,8
style.css,129,css,41ad6a29,John,2025-04-11,20:28:07,-07:00,2025-04-11T20:28:07-07:00,1,10
style.css,130,css,41ad6a29,John,2025-04-11,20:28:07,-07:00,2025-04-11T20:28:07-07:00,1,17
style.css,131,css,41ad6a29,John,2025-04-11,20:28:07,-07:00,2025-04-11T20:28:07-07:00,1,16
style.css,132,css,41ad6a29,John,2025-04-11,20:28:07,-07:00,2025-04-11T20:28:07-07:00,0,0
style.css,133,css,41ad6a29,John,2025-04-11,20:28:07,-07:00,2025-04-11T20:28:07-07:00,0,6
style.css,134,css,41ad6a29,John,2025-04-11,20:28:07,-07:00,2025-04-11T20:28:07-07:00,1,12
style.css,135,css,41ad6a29,John,2025-04-11,20:28:07,-07:00,2025-04-11T20:28:07-07:00,1,59
style.css,136,css,41ad6a29,John,2025-04-11,20:28:07,-07:00,2025-04-11T20:28:07-07:00,1,10
style.css,137,css,41ad6a29,John,2025-04-11,20:28:07,-07:00,2025-04-11T20:28:07-07:00,0,0
style.css,138,css,41ad6a29,John,2025-04-11,20:28:07,-07:00,2025-04-11T20:28:07-07:00,0,33
style.css,139,css,41ad6a29,John,2025-04-11,20:28:07,-07:00,2025-04-11T20:28:07-07:00,0,28
style.css,140,css,41ad6a29,John,2025-04-11,20:28:07,-07:00,2025-04-11T20:28:07-07:00,1,6
style.css,141,css,38dc7558,John,2025-05-02,19:45:41,-07:00,2025-05-02T19:45:41-07:00,1,25
style.css,142,css,41ad6a29,John,2025-04-11,20:28:07,-07:00,2025-04-11T20:28:07-07:00,1,0
style.css,143,css,41ad6a29,John,2025-04-11,20:28:07,-07:00,2025-04-11T20:28:07-07:00,1,18
style.css,144,css,38dc7558,John,2025-05-02,19:45:41,-07:00,2025-05-02T19:45:41-07:00,1,21
style.css,145,css,38dc7558,John,2025-05-02,19:45:41,-07:00,2025-05-02T19:45:41-07:00,1,0
style.css,146,css,38dc7558,John,2025-05-02,19:45:41,-07:00,2025-05-02T19:45:41-07:00,0,2
style.css,147,css,38dc7558,John,2025-05-02,19:45:41,-07:00,2025-05-02T19:45:41-07:00,0,0
style.css,148,css,38dc7558,John,2025-05-02,19:45:41,-07:00,2025-05-02T19:45:41-07:00,0,24
style.css,149,css,38dc7558,John,2025-05-02,19:45:41,-07:00,2025-05-02T19:45:41-07:00,0,13
style.css,150,css,38dc7558,John,2025-05-02,19:45:41,-07:00,2025-05-02T19:45:41-07:00,1,30
style.css,151,css,38dc7558,John,2025-05-02,19:45:41,-07:00,2025-05-02T19:45:41-07:00,1,34
style.css,152,css,38dc7558,John,2025-05-02,19:45:41,-07:00,2025-05-02T19:45:41-07:00,1,10
style.css,153,css,38dc7558,John,2025-05-02,19:45:41,-07:00,2025-05-02T19:45:41-07:00,1,16
style.css,154,css,38dc7558,John,2025-05-02,19:45:41,-07:00,2025-05-02T19:45:41-07:00,0,0
style.css,155,css,38dc7558,John,2025-05-02,19:45:41,-07:00,2025-05-02T19:45:41-07:00,0,0
style.css,156,css,38dc7558,John,2025-05-02,19:45:41,-07:00,2025-05-02T19:45:41-07:00,0,16
style.css,157,css,38dc7558,John,2025-05-02,19:45:41,-07:00,2025-05-02T19:45:41-07:00,1,12
style.css,158,css,38dc7558,John,2025-05-02,19:45:41,-07:00,2025-05-02T19:45:41-07:00,1,21
style.css,159,css,38dc7558,John,2025-05-02,19:45:41,-07:00,2025-05-02T19:45:41-07:00,0,0
style.css,160,css,38dc7558,John,2025-05-02,19:45:41,-07:00,2025-05-02T19:45:41-07:00,0,0
style.css,161,css,38dc7558,John,2025-05-02,19:45:41,-07:00,2025-05-02T19:45:41-07:00,0,21
style.css,162,css,38dc7558,John,2025-05-02,19:45:41,-07:00,2025-05-02T19:45:41-07:00,0,14
style.css,163,css,38dc7558,John,2025-05-02,19:45:41,-07:00,2025-05-02T19:45:41-07:00,1,14
style.css,164,css,38dc7558,John,2025-05-02,19:45:41,-07:00,2025-05-02T19:45:41-07:00,1,16
style.css,165,css,38dc7558,John,2025-05-02,19:45:41,-07:00,2025-05-02T19:45:41-07:00,1,16
style.css,166,css,38dc7558,John,2025-05-02,19:45:41,-07:00,2025-05-02T19:45:41-07:00,0,0
style.css,167,css,38dc7558,John,2025-05-02,19:45:41,-07:00,2025-05-02T19:45:41-07:00,0,0
style.css,168,css,38dc7558,John,2025-05-02,19:45:41,-07:00,2025-05-02T19:45:41-07:00,0,26
style.css,169,css,38dc7558,John,2025-05-02,19:45:41,-07:00,2025-05-02T19:45:41-07:00,0,7
style.css,170,css,38dc7558,John,2025-05-02,19:45:41,-07:00,2025-05-02T19:45:41-07:00,1,15
style.css,171,css,38dc7558,John,2025-05-02,19:45:41,-07:00,2025-05-02T19:45:41-07:00,1,11
style.css,172,css,38dc7558,John,2025-05-02,19:45:41,-07:00,2025-05-02T19:45:41-07:00,1,12
style.css,173,css,38dc7558,John,2025-05-02,19:45:41,-07:00,2025-05-02T19:45:41-07:00,1,12
style.css,174,css,38dc7558,John,2025-05-02,19:45:41,-07:00,2025-05-02T19:45:41-07:00,1,57
style.css,175,css,38dc7558,John,2025-05-02,19:45:41,-07:00,2025-05-02T19:45:41-07:00,1,7
style.css,176,css,38dc7558,John,2025-05-02,19:45:41,-07:00,2025-05-02T19:45:41-07:00,1,21
style.css,177,css,38dc7558,John,2025-05-02,19:45:41,-07:00,2025-05-02T19:45:41-07:00,1,17
style.css,178,css,38dc7558,John,2025-05-02,19:45:41,-07:00,2025-05-02T19:45:41-07:00,0,0
style.css,179,css,38dc7558,John,2025-05-02,19:45:41,-07:00,2025-05-02T19:45:41-07:00,0,0
style.css,180,css,38dc7558,John,2025-05-02,19:45:41,-07:00,2025-05-02T19:45:41-07:00,0,12
style.css,181,css,38dc7558,John,2025-05-02,19:45:41,-07:00,2025-05-02T19:45:41-07:00,1,12
style.css,182,css,38dc7558,John,2025-05-02,19:45:41,-07:00,2025-05-02T19:45:41-07:00,1,18
style.css,183,css,38dc7558,John,2025-05-02,19:45:41,-07:00,2025-05-02T19:45:41-07:00,1,9
style.css,184,css,38dc7558,John,2025-05-02,19:45:41,-07:00,2025-05-02T19:45:41-07:00,0,0
style.css,185,css,38dc7558,John,2025-05-02,19:45:41,-07:00,2025-05-02T19:45:41-07:00,0,0
style.css,186,css,38dc7558,John,2025-05-02,19:45:41,-07:00,2025-05-02T19:45:41-07:00,0,7
style.css,187,css,38dc7558,John,2025-05-02,19:45:41,-07:00,2025-05-02T19:45:41-07:00,1,20
style.css,188,css,38dc7558,John,2025-05-02,19:45:41,-07:00,2025-05-02T19:45:41-07:00,1,9
style.css,189,css,38dc7558,John,2025-05-02,19:45:41,-07:00,2025-05-02T19:45:41-07:00,1,10
style.css,190,css,38dc7558,John,2025-05-02,19:45:41,-07:00,2025-05-02T19:45:41-07:00,1,29
style.css,191,css,38dc7558,John,2025-05-02,19:45:41,-07:00,2025-05-02T19:45:41-07:00,1,17
style.css,192,css,38dc7558,John,2025-05-02,19:45:41,-07:00,2025-05-02T19:45:41-07:00,0,0
style.css,193,css,38dc7558,John,2025-05-02,19:45:41,-07:00,2025-05-02T19:45:41-07:00,0,0
style.css,194,css,38dc7558,John,2025-05-02,19:45:41,-07:00,2025-05-02T19:45:41-07:00,0,17
style.css,195,css,38dc7558,John,2025-05-02,19:45:41,-07:00,2025-05-02T19:45:41-07:00,0,35
style.css,196,css,38dc7558,John,2025-05-02,19:45:41,-07:00,2025-05-02T19:45:41-07:00,1,7
style.css,197,css,38dc7558,John,2025-05-02,19:45:41,-07:00,2025-05-02T19:45:41-07:00,2,17
style.css,198,css,41ad6a29,John,2025-04-11,20:28:07,-07:00,2025-04-11T20:28:07-07:00,1,0
style.css,199,css,38dc7558,John,2025-05-02,19:45:41,-07:00,2025-05-02T19:45:41-07:00,0,0
style.css,200,css,38dc7558,John,2025-05-02,19:45:41,-07:00,2025-05-02T19:45:41-07:00,0,0
style.css,201,css,38dc7558,John,2025-05-02,19:45:41,-07:00,2025-05-02T19:45:41-07:00,0,42
style.css,202,css,38dc7558,John,2025-05-02,19:45:41,-07:00,2025-05-02T19:45:41-07:00,0,19
style.css,203,css,38dc7558,John,2025-05-02,19:45:41,-07:00,2025-05-02T19:45:41-07:00,1,16
style.css,204,css,38dc7558,John,2025-05-02,19:45:41,-07:00,2025-05-02T19:45:41-07:00,1,14
style.css,205,css,38dc7558,John,2025-05-02,19:45:41,-07:00,2025-05-02T19:45:41-07:00,0,0
style.css,206,css,38dc7558,John,2025-05-02,19:45:41,-07:00,2025-05-02T19:45:41-07:00,0,0
style.css,207,css,38dc7558,John,2025-05-02,19:45:41,-07:00,2025-05-02T19:45:41-07:00,0,47
style.css,208,css,38dc7558,John,2025-05-02,19:45:41,-07:00,2025-05-02T19:45:41-07:00,1,11
style.css,209,css,38dc7558,John,2025-05-02,19:45:41,-07:00,2025-05-02T19:45:41-07:00,0,0
style.css,210,css,38dc7558,John,2025-05-02,19:45:41,-07:00,2025-05-02T19:45:41-07:00,0,0
style.css,211,css,38dc7558,John,2025-05-02,19:45:41,-07:00,2025-05-02T19:45:41-07:00,0,21
style.css,212,css,38dc7558,John,2025-05-02,19:45:41,-07:00,2025-05-02T19:45:41-07:00,0,9
style.css,213,css,38dc7558,John,2025-05-02,19:45:41,-07:00,2025-05-02T19:45:41-07:00,1,35
style.css,214,css,38dc7558,John,2025-05-02,19:45:41,-07:00,2025-05-02T19:45:41-07:00,0,0
style.css,215,css,38dc7558,John,2025-05-02,19:45:41,-07:00,2025-05-02T19:45:41-07:00,0,0
style.css,216,css,38dc7558,John,2025-05-02,19:45:41,-07:00,2025-05-02T19:45:41-07:00,0,18
style.css,217,css,38dc7558,John,2025-05-02,19:45:41,-07:00,2025-05-02T19:45:41-07:00,1,17
style.css,218,css,38dc7558,John,2025-05-02,19:45:41,-07:00,2025-05-02T19:45:41-07:00,0,0
style.css,219,css,38dc7558,John,2025-05-02,19:45:41,-07:00,2025-05-02T19:45:41-07:00,0,0
style.css,220,css,38dc7558,John,2025-05-02,19:45:41,-07:00,2025-05-02T19:45:41-07:00,0,26
style.css,221,css,38dc7558,John,2025-05-02,19:45:41,-07:00,2025-05-02T19:45:41-07:00,1,34
style.css,222,css,38dc7558,John,2025-05-02,19:45:41,-07:00,2025-05-02T19:45:41-07:00,1,18
style.css,223,css,38dc7558,John,2025-05-02,19:45:41,-07:00,2025-05-02T19:45:41-07:00,0,0
index.js,1,js,ed108440,John,2025-05-02,13:54:24,-07:00,2025-05-02T13:54:24-07:00,0,71
index.js,2,js,ed108440,John,2025-05-02,13:54:24,-07:00,2025-05-02T13:54:24-07:00,0,0
index.js,3,js,ed108440,John,2025-05-02,13:54:24,-07:00,2025-05-02T13:54:24-07:00,0,21
index.js,4,js,ed108440,John,2025-05-02,13:54:24,-07:00,2025-05-02T13:54:24-07:00,0,54
index.js,5,js,ed108440,John,2025-05-02,13:54:24,-07:00,2025-05-02T13:54:24-07:00,0,42
index.js,6,js,ed108440,John,2025-05-02,13:54:24,-07:00,2025-05-02T13:54:24-07:00,0,60
index.js,7,js,ed108440,John,2025-05-02,13:54:24,-07:00,2025-05-02T13:54:24-07:00,0,54
index.js,8,js,ed108440,John,2025-05-02,13:54:24,-07:00,2025-05-02T13:54:24-07:00,0,0
index.js,9,js,ed108440,John,2025-05-02,13:54:24,-07:00,2025-05-02T13:54:24-07:00,0,26
index.js,10,js,ed108440,John,2025-05-02,13:54:24,-07:00,2025-05-02T13:54:24-07:00,0,87
index.js,11,js,ed108440,John,2025-05-02,13:54:24,-07:00,2025-05-02T13:54:24-07:00,0,60
index.js,12,js,ed108440,John,2025-05-02,13:54:24,-07:00,2025-05-02T13:54:24-07:00,0,0
index.js,13,js,ed108440,John,2025-05-02,13:54:24,-07:00,2025-05-02T13:54:24-07:00,0,31
index.js,14,js,ed108440,John,2025-05-02,13:54:24,-07:00,2025-05-02T13:54:24-07:00,1,24
index.js,15,js,ed108440,John,2025-05-02,13:54:24,-07:00,2025-05-02T13:54:24-07:00,2,2
index.js,16,js,ed108440,John,2025-05-02,13:54:24,-07:00,2025-05-02T13:54:24-07:00,3,55
index.js,17,js,ed108440,John,2025-05-02,13:54:24,-07:00,2025-05-02T13:54:24-07:00,3,55
index.js,18,js,ed108440,John,2025-05-02,13:54:24,-07:00,2025-05-02T13:54:24-07:00,3,49
index.js,19,js,ed108440,John,2025-05-02,13:54:24,-07:00,2025-05-02T13:54:24-07:00,3,49
index.js,20,js,ed108440,John,2025-05-02,13:54:24,-07:00,2025-05-02T13:54:24-07:00,2,3
index.js,21,js,ed108440,John,2025-05-02,13:54:24,-07:00,2025-05-02T13:54:24-07:00,1,0
index.js,22,js,ed108440,John,2025-05-02,13:54:24,-07:00,2025-05-02T13:54:24-07:00,0,0
index.html,1,html,4c129f40,John,2025-04-02,19:56:31,-07:00,2025-04-02T19:56:31-07:00,0,13
index.html,2,html,4c129f40,John,2025-04-02,19:56:31,-07:00,2025-04-02T19:56:31-07:00,0,14
index.html,3,html,4c129f40,John,2025-04-02,19:56:31,-07:00,2025-04-02T19:56:31-07:00,0,4
index.html,4,html,ed108440,John,2025-05-02,13:54:24,-07:00,2025-05-02T13:54:24-07:00,1,22
index.html,5,html,ed108440,John,2025-05-02,13:54:24,-07:00,2025-05-02T13:54:24-07:00,1,70
index.html,6,html,ed108440,John,2025-05-02,13:54:24,-07:00,2025-05-02T13:54:24-07:00,1,54
index.html,7,html,ed108440,John,2025-05-02,13:54:24,-07:00,2025-05-02T13:54:24-07:00,1,40
index.html,8,html,4c129f40,John,2025-04-02,19:56:31,-07:00,2025-04-02T19:56:31-07:00,0,5
index.html,9,html,4c129f40,John,2025-04-02,19:56:31,-07:00,2025-04-02T19:56:31-07:00,0,4
index.html,10,html,a8271d8c,John,2025-04-10,18:10:25,-07:00,2025-04-10T18:10:25-07:00,0,0
index.html,11,html,ed108440,John,2025-05-02,13:54:24,-07:00,2025-05-02T13:54:24-07:00,1,97
index.html,12,html,ed108440,John,2025-05-02,13:54:24,-07:00,2025-05-02T13:54:24-07:00,0,0
index.html,13,html,ed108440,John,2025-05-02,13:54:24,-07:00,2025-05-02T13:54:24-07:00,1,19
index.html,14,html,ed108440,John,2025-05-02,13:54:24,-07:00,2025-05-02T13:54:24-07:00,1,1
index.html,15,html,ed108440,John,2025-05-02,13:54:24,-07:00,2025-05-02T13:54:24-07:00,2,79
index.html,16,html,ed108440,John,2025-05-02,13:54:24,-07:00,2025-05-02T13:54:24-07:00,2,62
index.html,17,html,ed108440,John,2025-05-02,13:54:24,-07:00,2025-05-02T13:54:24-07:00,2,70
index.html,18,html,ed108440,John,2025-05-02,13:54:24,-07:00,2025-05-02T13:54:24-07:00,2,43
index.html,19,html,ed108440,John,2025-05-02,13:54:24,-07:00,2025-05-02T13:54:24-07:00,1,2
index.html,20,html,ed108440,John,2025-05-02,13:54:24,-07:00,2025-05-02T13:54:24-07:00,0,0
index.html,21,html,ed108440,John,2025-05-02,13:54:24,-07:00,2025-05-02T13:54:24-07:00,1,22
index.html,22,html,ed108440,John,2025-05-02,13:54:24,-07:00,2025-05-02T13:54:24-07:00,1,20
index.html,23,html,ed108440,John,2025-05-02,13:54:24,-07:00,2025-05-02T13:54:24-07:00,1,4
index.html,24,html,ed108440,John,2025-05-02,13:54:24,-07:00,2025-05-02T13:54:24-07:00,0,0
index.html,25,html,ed108440,John,2025-05-02,13:54:24,-07:00,2025-05-02T13:54:24-07:00,1,47
index.html,26,html,ed108440,John,2025-05-02,13:54:24,-07:00,2025-05-02T13:54:24-07:00,1,52
index.html,27,html,ed108440,John,2025-05-02,13:54:24,-07:00,2025-05-02T13:54:24-07:00,1,0
index.html,28,html,ed108440,John,2025-05-02,13:54:24,-07:00,2025-05-02T13:54:24-07:00,0,0
index.html,29,html,4c129f40,John,2025-04-02,19:56:31,-07:00,2025-04-02T19:56:31-07:00,0,5
index.html,30,html,ed108440,John,2025-05-02,13:54:24,-07:00,2025-05-02T13:54:24-07:00,0,5
global.js,1,js,593ce8bc,John,2025-04-18,20:51:32,-07:00,2025-04-18T20:51:32-07:00,0,24
global.js,2,js,593ce8bc,John,2025-04-18,20:51:32,-07:00,2025-04-18T20:51:32-07:00,0,41
global.js,3,js,593ce8bc,John,2025-04-18,20:51:32,-07:00,2025-04-18T20:51:32-07:00,1,52
global.js,4,js,593ce8bc,John,2025-04-18,20:51:32,-07:00,2025-04-18T20:51:32-07:00,0,0
global.js,5,js,ed108440,John,2025-05-02,13:54:24,-07:00,2025-05-02T13:54:24-07:00,0,0
global.js,6,js,ed108440,John,2025-05-02,13:54:24,-07:00,2025-05-02T13:54:24-07:00,0,47
global.js,7,js,ed108440,John,2025-05-02,13:54:24,-07:00,2025-05-02T13:54:24-07:00,1,3
global.js,8,js,ed108440,John,2025-05-02,13:54:24,-07:00,2025-05-02T13:54:24-07:00,2,71
global.js,9,js,ed108440,John,2025-05-02,13:54:24,-07:00,2025-05-02T13:54:24-07:00,2,17
global.js,10,js,ed108440,John,2025-05-02,13:54:24,-07:00,2025-05-02T13:54:24-07:00,3,63
global.js,11,js,ed108440,John,2025-05-02,13:54:24,-07:00,2025-05-02T13:54:24-07:00,2,0
global.js,12,js,ed108440,John,2025-05-02,13:54:24,-07:00,2025-05-02T13:54:24-07:00,2,33
global.js,13,js,ed108440,John,2025-05-02,13:54:24,-07:00,2025-05-02T13:54:24-07:00,2,10
global.js,14,js,ed108440,John,2025-05-02,13:54:24,-07:00,2025-05-02T13:54:24-07:00,1,15
global.js,15,js,ed108440,John,2025-05-02,13:54:24,-07:00,2025-05-02T13:54:24-07:00,2,50
global.js,16,js,ed108440,John,2025-05-02,13:54:24,-07:00,2025-05-02T13:54:24-07:00,1,0
global.js,17,js,ed108440,John,2025-05-02,13:54:24,-07:00,2025-05-02T13:54:24-07:00,0,0
global.js,18,js,ed108440,John,2025-05-02,13:54:24,-07:00,2025-05-02T13:54:24-07:00,0,0
global.js,19,js,ed108440,John,2025-05-02,13:54:24,-07:00,2025-05-02T13:54:24-07:00,0,36
global.js,20,js,ed108440,John,2025-05-02,13:54:24,-07:00,2025-05-02T13:54:24-07:00,1,3
global.js,21,js,ed108440,John,2025-05-02,13:54:24,-07:00,2025-05-02T13:54:24-07:00,2,42
global.js,22,js,ed108440,John,2025-05-02,13:54:24,-07:00,2025-05-02T13:54:24-07:00,2,32
global.js,23,js,ed108440,John,2025-05-02,13:54:24,-07:00,2025-05-02T13:54:24-07:00,0,0
global.js,24,js,ed108440,John,2025-05-02,13:54:24,-07:00,2025-05-02T13:54:24-07:00,2,59
global.js,25,js,ed108440,John,2025-05-02,13:54:24,-07:00,2025-05-02T13:54:24-07:00,2,17
global.js,26,js,ed108440,John,2025-05-02,13:54:24,-07:00,2025-05-02T13:54:24-07:00,3,66
global.js,27,js,ed108440,John,2025-05-02,13:54:24,-07:00,2025-05-02T13:54:24-07:00,2,0
global.js,28,js,ed108440,John,2025-05-02,13:54:24,-07:00,2025-05-02T13:54:24-07:00,0,0
global.js,29,js,ed108440,John,2025-05-02,13:54:24,-07:00,2025-05-02T13:54:24-07:00,2,23
global.js,30,js,ed108440,John,2025-05-02,13:54:24,-07:00,2025-05-02T13:54:24-07:00,2,33
global.js,31,js,ed108440,John,2025-05-02,13:54:24,-07:00,2025-05-02T13:54:24-07:00,0,0
global.js,32,js,ed108440,John,2025-05-02,13:54:24,-07:00,2025-05-02T13:54:24-07:00,2,26
global.js,33,js,ed108440,John,2025-05-02,13:54:24,-07:00,2025-05-02T13:54:24-07:00,2,10
global.js,34,js,ed108440,John,2025-05-02,13:54:24,-07:00,2025-05-02T13:54:24-07:00,0,0
global.js,35,js,ed108440,John,2025-05-02,13:54:24,-07:00,2025-05-02T13:54:24-07:00,1,15
global.js,36,js,ed108440,John,2025-05-02,13:54:24,-07:00,2025-05-02T13:54:24-07:00,2,59
global.js,37,js,ed108440,John,2025-05-02,13:54:24,-07:00,2025-05-02T13:54:24-07:00,1,0
global.js,38,js,ed108440,John,2025-05-02,13:54:24,-07:00,2025-05-02T13:54:24-07:00,0,0
global.js,39,js,ed108440,John,2025-05-02,13:54:24,-07:00,2025-05-02T13:54:24-07:00,0,0
global.js,40,js,ed108440,John,2025-05-02,13:54:24,-07:00,2025-05-02T13:54:24-07:00,0,79
global.js,41,js,ed108440,John,2025-05-02,13:54:24,-07:00,2025-05-02T13:54:24-07:00,1,22
global.js,42,js,ed108440,John,2025-05-02,13:54:24,-07:00,2025-05-02T13:54:24-07:00,2,44
global.js,43,js,ed108440,John,2025-05-02,13:54:24,-07:00,2025-05-02T13:54:24-07:00,2,5
global.js,44,js,ed108440,John,2025-05-02,13:54:24,-07:00,2025-05-02T13:54:24-07:00,1,0
global.js,45,js,ed108440,John,2025-05-02,13:54:24,-07:00,2025-05-02T13:54:24-07:00,0,0
global.js,46,js,ed108440,John,2025-05-02,13:54:24,-07:00,2025-05-02T13:54:24-07:00,1,23
global.js,47,js,ed108440,John,2025-05-02,13:54:24,-07:00,2025-05-02T13:54:24-07:00,1,30
global.js,48,js,ed108440,John,2025-05-02,13:54:24,-07:00,2025-05-02T13:54:24-07:00,0,0
global.js,49,js,ed108440,John,2025-05-02,13:54:24,-07:00,2025-05-02T13:54:24-07:00,1,29
global.js,50,js,ed108440,John,2025-05-02,13:54:24,-07:00,2025-05-02T13:54:24-07:00,1,31
global.js,51,js,ed108440,John,2025-05-02,13:54:24,-07:00,2025-05-02T13:54:24-07:00,2,27
global.js,52,js,ed108440,John,2025-05-02,13:54:24,-07:00,2025-05-02T13:54:24-07:00,2,48
global.js,53,js,ed108440,John,2025-05-02,13:54:24,-07:00,2025-05-02T13:54:24-07:00,0,0
global.js,54,js,38dc7558,John,2025-05-02,19:45:41,-07:00,2025-05-02T19:45:41-07:00,2,34
global.js,55,js,ed108440,John,2025-05-02,13:54:24,-07:00,2025-05-02T13:54:24-07:00,2,19
global.js,56,js,ed108440,John,2025-05-02,13:54:24,-07:00,2025-05-02T13:54:24-07:00,3,49
global.js,57,js,ed108440,John,2025-05-02,13:54:24,-07:00,2025-05-02T13:54:24-07:00,3,49
global.js,58,js,38dc7558,John,2025-05-02,19:45:41,-07:00,2025-05-02T19:45:41-07:00,3,27
global.js,59,js,38dc7558,John,2025-05-02,19:45:41,-07:00,2025-05-02T19:45:41-07:00,4,27
global.js,60,js,38dc7558,John,2025-05-02,19:45:41,-07:00,2025-05-02T19:45:41-07:00,4,41
global.js,61,js,38dc7558,John,2025-05-02,19:45:41,-07:00,2025-05-02T19:45:41-07:00,3,4
global.js,62,js,ed108440,John,2025-05-02,13:54:24,-07:00,2025-05-02T13:54:24-07:00,2,0
global.js,63,js,ed108440,John,2025-05-02,13:54:24,-07:00,2025-05-02T13:54:24-07:00,0,0
global.js,64,js,ed108440,John,2025-05-02,13:54:24,-07:00,2025-05-02T13:54:24-07:00,2,24
global.js,65,js,ed108440,John,2025-05-02,13:54:24,-07:00,2025-05-02T13:54:24-07:00,2,36
global.js,66,js,ed108440,John,2025-05-02,13:54:24,-07:00,2025-05-02T13:54:24-07:00,1,0
global.js,67,js,ed108440,John,2025-05-02,13:54:24,-07:00,2025-05-02T13:54:24-07:00,0,0
global.js,68,js,ed108440,John,2025-05-02,13:54:24,-07:00,2025-05-02T13:54:24-07:00,0,0
global.js,69,js,ed108440,John,2025-05-02,13:54:24,-07:00,2025-05-02T13:54:24-07:00,0,7
global.js,70,js,593ce8bc,John,2025-04-18,20:51:32,-07:00,2025-04-18T20:51:32-07:00,0,4
global.js,71,js,593ce8bc,John,2025-04-18,20:51:32,-07:00,2025-04-18T20:51:32-07:00,0,19
global.js,72,js,593ce8bc,John,2025-04-18,20:51:32,-07:00,2025-04-18T20:51:32-07:00,0,11
global.js,73,js,ed108440,John,2025-05-02,13:54:24,-07:00,2025-05-02T13:54:24-07:00,1,55
global.js,74,js,ed108440,John,2025-05-02,13:54:24,-07:00,2025-05-02T13:54:24-07:00,1,55
global.js,75,js,ed108440,John,2025-05-02,13:54:24,-07:00,2025-05-02T13:54:24-07:00,1,55
global.js,76,js,ed108440,John,2025-05-02,13:54:24,-07:00,2025-05-02T13:54:24-07:00,1,55
global.js,77,js,00000000,Not Committed Yet,2025-05-09,16:19:33,-07:00,2025-05-09T16:19:33-07:00,1,55
global.js,78,js,00000000,Not Committed Yet,2025-05-09,16:19:33,-07:00,2025-05-09T16:19:33-07:00,1,58
global.js,79,js,ed108440,John,2025-05-02,13:54:24,-07:00,2025-05-02T13:54:24-07:00,1,54
global.js,80,js,ed108440,John,2025-05-02,13:54:24,-07:00,2025-05-02T13:54:24-07:00,0,0
global.js,81,js,ed108440,John,2025-05-02,13:54:24,-07:00,2025-05-02T13:54:24-07:00,0,0
global.js,82,js,00000000,Not Committed Yet,2025-05-09,16:19:33,-07:00,2025-05-09T16:19:33-07:00,0,0
global.js,83,js,593ce8bc,John,2025-04-18,20:51:32,-07:00,2025-04-18T20:51:32-07:00,0,88
global.js,84,js,593ce8bc,John,2025-04-18,20:51:32,-07:00,2025-04-18T20:51:32-07:00,1,19
global.js,85,js,593ce8bc,John,2025-04-18,20:51:32,-07:00,2025-04-18T20:51:32-07:00,1,47
global.js,86,js,593ce8bc,John,2025-04-18,20:51:32,-07:00,2025-04-18T20:51:32-07:00,0,38
global.js,87,js,593ce8bc,John,2025-04-18,20:51:32,-07:00,2025-04-18T20:51:32-07:00,0,25
global.js,88,js,593ce8bc,John,2025-04-18,20:51:32,-07:00,2025-04-18T20:51:32-07:00,0,20
global.js,89,js,593ce8bc,John,2025-04-18,20:51:32,-07:00,2025-04-18T20:51:32-07:00,1,14
global.js,90,js,593ce8bc,John,2025-04-18,20:51:32,-07:00,2025-04-18T20:51:32-07:00,1,18
global.js,91,js,593ce8bc,John,2025-04-18,20:51:32,-07:00,2025-04-18T20:51:32-07:00,1,0
global.js,92,js,593ce8bc,John,2025-04-18,20:51:32,-07:00,2025-04-18T20:51:32-07:00,1,45
global.js,93,js,593ce8bc,John,2025-04-18,20:51:32,-07:00,2025-04-18T20:51:32-07:00,1,52
global.js,94,js,593ce8bc,John,2025-04-18,20:51:32,-07:00,2025-04-18T20:51:32-07:00,1,0
global.js,95,js,593ce8bc,John,2025-04-18,20:51:32,-07:00,2025-04-18T20:51:32-07:00,1,18
global.js,96,js,593ce8bc,John,2025-04-18,20:51:32,-07:00,2025-04-18T20:51:32-07:00,1,62
global.js,97,js,593ce8bc,John,2025-04-18,20:51:32,-07:00,2025-04-18T20:51:32-07:00,1,34
global.js,98,js,593ce8bc,John,2025-04-18,20:51:32,-07:00,2025-04-18T20:51:32-07:00,1,11
global.js,99,js,593ce8bc,John,2025-04-18,20:51:32,-07:00,2025-04-18T20:51:32-07:00,1,20
global.js,100,js,593ce8bc,John,2025-04-18,20:51:32,-07:00,2025-04-18T20:51:32-07:00,1,0
global.js,101,js,593ce8bc,John,2025-04-18,20:51:32,-07:00,2025-04-18T20:51:32-07:00,1,64
global.js,102,js,593ce8bc,John,2025-04-18,20:51:32,-07:00,2025-04-18T20:51:32-07:00,1,65
global.js,103,js,593ce8bc,John,2025-04-18,20:51:32,-07:00,2025-04-18T20:51:32-07:00,2,25
global.js,104,js,593ce8bc,John,2025-04-18,20:51:32,-07:00,2025-04-18T20:51:32-07:00,1,0
global.js,105,js,593ce8bc,John,2025-04-18,20:51:32,-07:00,2025-04-18T20:51:32-07:00,1,0
global.js,106,js,593ce8bc,John,2025-04-18,20:51:32,-07:00,2025-04-18T20:51:32-07:00,1,62
global.js,107,js,593ce8bc,John,2025-04-18,20:51:32,-07:00,2025-04-18T20:51:32-07:00,1,29
global.js,108,js,593ce8bc,John,2025-04-18,20:51:32,-07:00,2025-04-18T20:51:32-07:00,2,18
global.js,109,js,593ce8bc,John,2025-04-18,20:51:32,-07:00,2025-04-18T20:51:32-07:00,1,0
global.js,110,js,593ce8bc,John,2025-04-18,20:51:32,-07:00,2025-04-18T20:51:32-07:00,1,0
global.js,111,js,593ce8bc,John,2025-04-18,20:51:32,-07:00,2025-04-18T20:51:32-07:00,1,31
global.js,112,js,593ce8bc,John,2025-04-18,20:51:32,-07:00,2025-04-18T20:51:32-07:00,1,12
global.js,113,js,593ce8bc,John,2025-04-18,20:51:32,-07:00,2025-04-18T20:51:32-07:00,0,0
global.js,114,js,593ce8bc,John,2025-04-18,20:51:32,-07:00,2025-04-18T20:51:32-07:00,0,0
global.js,115,js,593ce8bc,John,2025-04-18,20:51:32,-07:00,2025-04-18T20:51:32-07:00,0,31
global.js,116,js,593ce8bc,John,2025-04-18,20:51:32,-07:00,2025-04-18T20:51:32-07:00,1,11
global.js,117,js,593ce8bc,John,2025-04-18,20:51:32,-07:00,2025-04-18T20:51:32-07:00,1,27
global.js,118,js,593ce8bc,John,2025-04-18,20:51:32,-07:00,2025-04-18T20:51:32-07:00,2,4
global.js,119,js,593ce8bc,John,2025-04-18,20:51:32,-07:00,2025-04-18T20:51:32-07:00,2,6
global.js,120,js,593ce8bc,John,2025-04-18,20:51:32,-07:00,2025-04-18T20:51:32-07:00,3,43
global.js,121,js,593ce8bc,John,2025-04-18,20:51:32,-07:00,2025-04-18T20:51:32-07:00,3,34
global.js,122,js,593ce8bc,John,2025-04-18,20:51:32,-07:00,2025-04-18T20:51:32-07:00,3,32
global.js,123,js,593ce8bc,John,2025-04-18,20:51:32,-07:00,2025-04-18T20:51:32-07:00,2,7
global.js,124,js,593ce8bc,John,2025-04-18,20:51:32,-07:00,2025-04-18T20:51:32-07:00,1,7
global.js,125,js,593ce8bc,John,2025-04-18,20:51:32,-07:00,2025-04-18T20:51:32-07:00,0,0
global.js,126,js,593ce8bc,John,2025-04-18,20:51:32,-07:00,2025-04-18T20:51:32-07:00,0,0
global.js,127,js,593ce8bc,John,2025-04-18,20:51:32,-07:00,2025-04-18T20:51:32-07:00,0,44
global.js,128,js,593ce8bc,John,2025-04-18,20:51:32,-07:00,2025-04-18T20:51:32-07:00,0,60
global.js,129,js,593ce8bc,John,2025-04-18,20:51:32,-07:00,2025-04-18T20:51:32-07:00,0,0
global.js,130,js,593ce8bc,John,2025-04-18,20:51:32,-07:00,2025-04-18T20:51:32-07:00,0,66
global.js,131,js,593ce8bc,John,2025-04-18,20:51:32,-07:00,2025-04-18T20:51:32-07:00,0,36
global.js,132,js,593ce8bc,John,2025-04-18,20:51:32,-07:00,2025-04-18T20:51:32-07:00,1,50
global.js,133,js,593ce8bc,John,2025-04-18,20:51:32,-07:00,2025-04-18T20:51:32-07:00,1,70
global.js,134,js,593ce8bc,John,2025-04-18,20:51:32,-07:00,2025-04-18T20:51:32-07:00,1,0
global.js,135,js,593ce8bc,John,2025-04-18,20:51:32,-07:00,2025-04-18T20:51:32-07:00,1,35
global.js,136,js,593ce8bc,John,2025-04-18,20:51:32,-07:00,2025-04-18T20:51:32-07:00,1,25
global.js,137,js,593ce8bc,John,2025-04-18,20:51:32,-07:00,2025-04-18T20:51:32-07:00,1,0
global.js,138,js,593ce8bc,John,2025-04-18,20:51:32,-07:00,2025-04-18T20:51:32-07:00,1,37
global.js,139,js,593ce8bc,John,2025-04-18,20:51:32,-07:00,2025-04-18T20:51:32-07:00,1,37
global.js,140,js,593ce8bc,John,2025-04-18,20:51:32,-07:00,2025-04-18T20:51:32-07:00,0,0
global.js,141,js,593ce8bc,John,2025-04-18,20:51:32,-07:00,2025-04-18T20:51:32-07:00,0,0
global.js,142,js,593ce8bc,John,2025-04-18,20:51:32,-07:00,2025-04-18T20:51:32-07:00,0,57
global.js,143,js,593ce8bc,John,2025-04-18,20:51:32,-07:00,2025-04-18T20:51:32-07:00,0,34
global.js,144,js,593ce8bc,John,2025-04-18,20:51:32,-07:00,2025-04-18T20:51:32-07:00,1,39
global.js,145,js,593ce8bc,John,2025-04-18,20:51:32,-07:00,2025-04-18T20:51:32-07:00,0,0
global.js,146,js,593ce8bc,John,2025-04-18,20:51:32,-07:00,2025-04-18T20:51:32-07:00,0,0
global.js,147,js,593ce8bc,John,2025-04-18,20:51:32,-07:00,2025-04-18T20:51:32-07:00,0,59
global.js,148,js,593ce8bc,John,2025-04-18,20:51:32,-07:00,2025-04-18T20:51:32-07:00,0,49
global.js,149,js,593ce8bc,John,2025-04-18,20:51:32,-07:00,2025-04-18T20:51:32-07:00,1,57
global.js,150,js,593ce8bc,John,2025-04-18,20:51:32,-07:00,2025-04-18T20:51:32-07:00,1,33
global.js,151,js,38dc7558,John,2025-05-02,19:45:41,-07:00,2025-05-02T19:45:41-07:00,0,0
global.js,152,js,ed108440,John,2025-05-02,13:54:24,-07:00,2025-05-02T13:54:24-07:00,0,0
global.js,153,js,ed108440,John,2025-05-02,13:54:24,-07:00,2025-05-02T13:54:24-07:00,0,43
global.js,154,js,ed108440,John,2025-05-02,13:54:24,-07:00,2025-05-02T13:54:24-07:00,1,46
global.js,155,js,ed108440,John,2025-05-02,13:54:24,-07:00,2025-05-02T13:54:24-07:00,2,63
global.js,156,js,ed108440,John,2025-05-02,13:54:24,-07:00,2025-05-02T13:54:24-07:00,1,1
global.js,157,js,38dc7558,John,2025-05-02,19:45:41,-07:00,2025-05-02T19:45:41-07:00,0,0
projects/projects.js,1,js,ed108440,John,2025-05-02,13:54:24,-07:00,2025-05-02T13:54:24-07:00,0,55
projects/projects.js,2,js,ed108440,John,2025-05-02,13:54:24,-07:00,2025-05-02T13:54:24-07:00,0,63
projects/projects.js,3,js,ed108440,John,2025-05-02,13:54:24,-07:00,2025-05-02T13:54:24-07:00,0,0
projects/projects.js,4,js,38dc7558,John,2025-05-02,19:45:41,-07:00,2025-05-02T19:45:41-07:00,0,13
projects/projects.js,5,js,38dc7558,John,2025-05-02,19:45:41,-07:00,2025-05-02T19:45:41-07:00,0,21
projects/projects.js,6,js,ed108440,John,2025-05-02,13:54:24,-07:00,2025-05-02T13:54:24-07:00,0,0
projects/projects.js,7,js,38dc7558,John,2025-05-02,19:45:41,-07:00,2025-05-02T19:45:41-07:00,0,55
projects/projects.js,8,js,ed108440,John,2025-05-02,13:54:24,-07:00,2025-05-02T13:54:24-07:00,0,60
projects/projects.js,9,js,ed108440,John,2025-05-02,13:54:24,-07:00,2025-05-02T13:54:24-07:00,0,0
projects/projects.js,10,js,38dc7558,John,2025-05-02,19:45:41,-07:00,2025-05-02T19:45:41-07:00,0,30
projects/projects.js,11,js,38dc7558,John,2025-05-02,19:45:41,-07:00,2025-05-02T19:45:41-07:00,1,35
projects/projects.js,12,js,38dc7558,John,2025-05-02,19:45:41,-07:00,2025-05-02T19:45:41-07:00,2,59
projects/projects.js,13,js,38dc7558,John,2025-05-02,19:45:41,-07:00,2025-05-02T19:45:41-07:00,2,42
projects/projects.js,14,js,38dc7558,John,2025-05-02,19:45:41,-07:00,2025-05-02T19:45:41-07:00,1,1
projects/projects.js,15,js,38dc7558,John,2025-05-02,19:45:41,-07:00,2025-05-02T19:45:41-07:00,0,0
projects/projects.js,16,js,38dc7558,John,2025-05-02,19:45:41,-07:00,2025-05-02T19:45:41-07:00,0,0
projects/projects.js,17,js,38dc7558,John,2025-05-02,19:45:41,-07:00,2025-05-02T19:45:41-07:00,0,59
projects/projects.js,18,js,38dc7558,John,2025-05-02,19:45:41,-07:00,2025-05-02T19:45:41-07:00,1,25
projects/projects.js,19,js,38dc7558,John,2025-05-02,19:45:41,-07:00,2025-05-02T19:45:41-07:00,2,22
projects/projects.js,20,js,38dc7558,John,2025-05-02,19:45:41,-07:00,2025-05-02T19:45:41-07:00,1,6
projects/projects.js,21,js,38dc7558,John,2025-05-02,19:45:41,-07:00,2025-05-02T19:45:41-07:00,2,53
projects/projects.js,22,js,38dc7558,John,2025-05-02,19:45:41,-07:00,2025-05-02T19:45:41-07:00,2,71
projects/projects.js,23,js,38dc7558,John,2025-05-02,19:45:41,-07:00,2025-05-02T19:45:41-07:00,1,0
projects/projects.js,24,js,38dc7558,John,2025-05-02,19:45:41,-07:00,2025-05-02T19:45:41-07:00,0,0
projects/projects.js,25,js,38dc7558,John,2025-05-02,19:45:41,-07:00,2025-05-02T19:45:41-07:00,0,0
projects/projects.js,26,js,ed108440,John,2025-05-02,13:54:24,-07:00,2025-05-02T13:54:24-07:00,0,48
projects/projects.js,27,js,ed108440,John,2025-05-02,13:54:24,-07:00,2025-05-02T13:54:24-07:00,0,0
projects/projects.js,28,js,38dc7558,John,2025-05-02,19:45:41,-07:00,2025-05-02T19:45:41-07:00,0,53
projects/projects.js,29,js,ed108440,John,2025-05-02,13:54:24,-07:00,2025-05-02T13:54:24-07:00,0,0
projects/projects.js,30,js,38dc7558,John,2025-05-02,19:45:41,-07:00,2025-05-02T19:45:41-07:00,0,48
projects/projects.js,31,js,38dc7558,John,2025-05-02,19:45:41,-07:00,2025-05-02T19:45:41-07:00,1,25
projects/projects.js,32,js,38dc7558,John,2025-05-02,19:45:41,-07:00,2025-05-02T19:45:41-07:00,1,0
projects/projects.js,33,js,38dc7558,John,2025-05-02,19:45:41,-07:00,2025-05-02T19:45:41-07:00,1,43
projects/projects.js,34,js,38dc7558,John,2025-05-02,19:45:41,-07:00,2025-05-02T19:45:41-07:00,1,0
projects/projects.js,35,js,38dc7558,John,2025-05-02,19:45:41,-07:00,2025-05-02T19:45:41-07:00,1,31
projects/projects.js,36,js,ed108440,John,2025-05-02,13:54:24,-07:00,2025-05-02T13:54:24-07:00,0,1
projects/projects.js,37,js,ed108440,John,2025-05-02,13:54:24,-07:00,2025-05-02T13:54:24-07:00,0,0
projects/projects.js,38,js,38dc7558,John,2025-05-02,19:45:41,-07:00,2025-05-02T19:45:41-07:00,0,48
projects/projects.js,39,js,38dc7558,John,2025-05-02,19:45:41,-07:00,2025-05-02T19:45:41-07:00,1,57
projects/projects.js,40,js,38dc7558,John,2025-05-02,19:45:41,-07:00,2025-05-02T19:45:41-07:00,1,0
projects/projects.js,41,js,38dc7558,John,2025-05-02,19:45:41,-07:00,2025-05-02T19:45:41-07:00,1,26
projects/projects.js,42,js,38dc7558,John,2025-05-02,19:45:41,-07:00,2025-05-02T19:45:41-07:00,2,22
projects/projects.js,43,js,38dc7558,John,2025-05-02,19:45:41,-07:00,2025-05-02T19:45:41-07:00,2,14
projects/projects.js,44,js,38dc7558,John,2025-05-02,19:45:41,-07:00,2025-05-02T19:45:41-07:00,2,12
projects/projects.js,45,js,38dc7558,John,2025-05-02,19:45:41,-07:00,2025-05-02T19:45:41-07:00,1,0
projects/projects.js,46,js,38dc7558,John,2025-05-02,19:45:41,-07:00,2025-05-02T19:45:41-07:00,1,0
projects/projects.js,47,js,38dc7558,John,2025-05-02,19:45:41,-07:00,2025-05-02T19:45:41-07:00,1,44
projects/projects.js,48,js,38dc7558,John,2025-05-02,19:45:41,-07:00,2025-05-02T19:45:41-07:00,2,35
projects/projects.js,49,js,38dc7558,John,2025-05-02,19:45:41,-07:00,2025-05-02T19:45:41-07:00,1,1
projects/projects.js,50,js,38dc7558,John,2025-05-02,19:45:41,-07:00,2025-05-02T19:45:41-07:00,1,0
projects/projects.js,51,js,38dc7558,John,2025-05-02,19:45:41,-07:00,2025-05-02T19:45:41-07:00,1,47
projects/projects.js,52,js,38dc7558,John,2025-05-02,19:45:41,-07:00,2025-05-02T19:45:41-07:00,1,0
projects/projects.js,53,js,38dc7558,John,2025-05-02,19:45:41,-07:00,2025-05-02T19:45:41-07:00,1,50
projects/projects.js,54,js,38dc7558,John,2025-05-02,19:45:41,-07:00,2025-05-02T19:45:41-07:00,1,33
projects/projects.js,55,js,38dc7558,John,2025-05-02,19:45:41,-07:00,2025-05-02T19:45:41-07:00,1,45
projects/projects.js,56,js,38dc7558,John,2025-05-02,19:45:41,-07:00,2025-05-02T19:45:41-07:00,1,0
projects/projects.js,57,js,38dc7558,John,2025-05-02,19:45:41,-07:00,2025-05-02T19:45:41-07:00,1,36
projects/projects.js,58,js,38dc7558,John,2025-05-02,19:45:41,-07:00,2025-05-02T19:45:41-07:00,1,29
projects/projects.js,59,js,38dc7558,John,2025-05-02,19:45:41,-07:00,2025-05-02T19:45:41-07:00,1,0
projects/projects.js,60,js,38dc7558,John,2025-05-02,19:45:41,-07:00,2025-05-02T19:45:41-07:00,1,24
projects/projects.js,61,js,38dc7558,John,2025-05-02,19:45:41,-07:00,2025-05-02T19:45:41-07:00,2,1
projects/projects.js,62,js,38dc7558,John,2025-05-02,19:45:41,-07:00,2025-05-02T19:45:41-07:00,3,13
projects/projects.js,63,js,38dc7558,John,2025-05-02,19:45:41,-07:00,2025-05-02T19:45:41-07:00,3,13
projects/projects.js,64,js,38dc7558,John,2025-05-02,19:45:41,-07:00,2025-05-02T19:45:41-07:00,3,22
projects/projects.js,65,js,38dc7558,John,2025-05-02,19:45:41,-07:00,2025-05-02T19:45:41-07:00,3,57
projects/projects.js,66,js,38dc7558,John,2025-05-02,19:45:41,-07:00,2025-05-02T19:45:41-07:00,3,18
projects/projects.js,67,js,38dc7558,John,2025-05-02,19:45:41,-07:00,2025-05-02T19:45:41-07:00,4,43
projects/projects.js,68,js,38dc7558,John,2025-05-02,19:45:41,-07:00,2025-05-02T19:45:41-07:00,4,0
projects/projects.js,69,js,38dc7558,John,2025-05-02,19:45:41,-07:00,2025-05-02T19:45:41-07:00,4,1
projects/projects.js,70,js,38dc7558,John,2025-05-02,19:45:41,-07:00,2025-05-02T19:45:41-07:00,5,16
projects/projects.js,71,js,38dc7558,John,2025-05-02,19:45:41,-07:00,2025-05-02T19:45:41-07:00,5,26
projects/projects.js,72,js,38dc7558,John,2025-05-02,19:45:41,-07:00,2025-05-02T19:45:41-07:00,6,37
projects/projects.js,73,js,38dc7558,John,2025-05-02,19:45:41,-07:00,2025-05-02T19:45:41-07:00,5,1
projects/projects.js,74,js,38dc7558,John,2025-05-02,19:45:41,-07:00,2025-05-02T19:45:41-07:00,4,0
projects/projects.js,75,js,38dc7558,John,2025-05-02,19:45:41,-07:00,2025-05-02T19:45:41-07:00,4,32
projects/projects.js,76,js,38dc7558,John,2025-05-02,19:45:41,-07:00,2025-05-02T19:45:41-07:00,4,4
projects/projects.js,77,js,38dc7558,John,2025-05-02,19:45:41,-07:00,2025-05-02T19:45:41-07:00,5,14
projects/projects.js,78,js,38dc7558,John,2025-05-02,19:45:41,-07:00,2025-05-02T19:45:41-07:00,5,26
projects/projects.js,79,js,38dc7558,John,2025-05-02,19:45:41,-07:00,2025-05-02T19:45:41-07:00,6,60
projects/projects.js,80,js,38dc7558,John,2025-05-02,19:45:41,-07:00,2025-05-02T19:45:41-07:00,5,1
projects/projects.js,81,js,38dc7558,John,2025-05-02,19:45:41,-07:00,2025-05-02T19:45:41-07:00,4,0
projects/projects.js,82,js,38dc7558,John,2025-05-02,19:45:41,-07:00,2025-05-02T19:45:41-07:00,4,17
projects/projects.js,83,js,38dc7558,John,2025-05-02,19:45:41,-07:00,2025-05-02T19:45:41-07:00,4,58
projects/projects.js,84,js,38dc7558,John,2025-05-02,19:45:41,-07:00,2025-05-02T19:45:41-07:00,4,91
projects/projects.js,85,js,38dc7558,John,2025-05-02,19:45:41,-07:00,2025-05-02T19:45:41-07:00,4,60
projects/projects.js,86,js,38dc7558,John,2025-05-02,19:45:41,-07:00,2025-05-02T19:45:41-07:00,3,1
projects/projects.js,87,js,38dc7558,John,2025-05-02,19:45:41,-07:00,2025-05-02T19:45:41-07:00,1,1
projects/projects.js,88,js,38dc7558,John,2025-05-02,19:45:41,-07:00,2025-05-02T19:45:41-07:00,1,0
projects/projects.js,89,js,38dc7558,John,2025-05-02,19:45:41,-07:00,2025-05-02T19:45:41-07:00,1,32
projects/projects.js,90,js,38dc7558,John,2025-05-02,19:45:41,-07:00,2025-05-02T19:45:41-07:00,1,30
projects/projects.js,91,js,38dc7558,John,2025-05-02,19:45:41,-07:00,2025-05-02T19:45:41-07:00,1,24
projects/projects.js,92,js,38dc7558,John,2025-05-02,19:45:41,-07:00,2025-05-02T19:45:41-07:00,2,4
projects/projects.js,93,js,38dc7558,John,2025-05-02,19:45:41,-07:00,2025-05-02T19:45:41-07:00,3,11
projects/projects.js,94,js,38dc7558,John,2025-05-02,19:45:41,-07:00,2025-05-02T19:45:41-07:00,3,38
projects/projects.js,95,js,38dc7558,John,2025-05-02,19:45:41,-07:00,2025-05-02T19:45:41-07:00,3,76
projects/projects.js,96,js,38dc7558,John,2025-05-02,19:45:41,-07:00,2025-05-02T19:45:41-07:00,3,69
projects/projects.js,97,js,38dc7558,John,2025-05-02,19:45:41,-07:00,2025-05-02T19:45:41-07:00,1,1
projects/projects.js,98,js,38dc7558,John,2025-05-02,19:45:41,-07:00,2025-05-02T19:45:41-07:00,1,0
projects/projects.js,99,js,38dc7558,John,2025-05-02,19:45:41,-07:00,2025-05-02T19:45:41-07:00,1,85
projects/projects.js,100,js,38dc7558,John,2025-05-02,19:45:41,-07:00,2025-05-02T19:45:41-07:00,1,60
projects/projects.js,101,js,38dc7558,John,2025-05-02,19:45:41,-07:00,2025-05-02T19:45:41-07:00,0,0
projects/projects.js,102,js,38dc7558,John,2025-05-02,19:45:41,-07:00,2025-05-02T19:45:41-07:00,0,0
projects/projects.js,103,js,38dc7558,John,2025-05-02,19:45:41,-07:00,2025-05-02T19:45:41-07:00,0,23
projects/index.html,1,html,a8271d8c,John,2025-04-10,18:10:25,-07:00,2025-04-10T18:10:25-07:00,0,13
projects/index.html,2,html,a8271d8c,John,2025-04-10,18:10:25,-07:00,2025-04-10T18:10:25-07:00,0,14
projects/index.html,3,html,a8271d8c,John,2025-04-10,18:10:25,-07:00,2025-04-10T18:10:25-07:00,0,4
projects/index.html,4,html,ed108440,John,2025-05-02,13:54:24,-07:00,2025-05-02T13:54:24-07:00,1,22
projects/index.html,5,html,ed108440,John,2025-05-02,13:54:24,-07:00,2025-05-02T13:54:24-07:00,1,70
projects/index.html,6,html,ed108440,John,2025-05-02,13:54:24,-07:00,2025-05-02T13:54:24-07:00,1,21
projects/index.html,7,html,ed108440,John,2025-05-02,13:54:24,-07:00,2025-05-02T13:54:24-07:00,1,43
projects/index.html,8,html,a8271d8c,John,2025-04-10,18:10:25,-07:00,2025-04-10T18:10:25-07:00,0,5
projects/index.html,9,html,a8271d8c,John,2025-04-10,18:10:25,-07:00,2025-04-10T18:10:25-07:00,0,4
projects/index.html,10,html,593ce8bc,John,2025-04-18,20:51:32,-07:00,2025-04-18T20:51:32-07:00,0,0
projects/index.html,11,html,ed108440,John,2025-05-02,13:54:24,-07:00,2025-05-02T13:54:24-07:00,1,77
projects/index.html,12,html,ed108440,John,2025-05-02,13:54:24,-07:00,2025-05-02T13:54:24-07:00,1,2
projects/index.html,13,html,ed108440,John,2025-05-02,13:54:24,-07:00,2025-05-02T13:54:24-07:00,1,3
projects/index.html,14,html,ed108440,John,2025-05-02,13:54:24,-07:00,2025-05-02T13:54:24-07:00,2,30
projects/index.html,15,html,ed108440,John,2025-05-02,13:54:24,-07:00,2025-05-02T13:54:24-07:00,2,32
projects/index.html,16,html,ed108440,John,2025-05-02,13:54:24,-07:00,2025-05-02T13:54:24-07:00,2,31
projects/index.html,17,html,ed108440,John,2025-05-02,13:54:24,-07:00,2025-05-02T13:54:24-07:00,2,20
projects/index.html,18,html,ed108440,John,2025-05-02,13:54:24,-07:00,2025-05-02T13:54:24-07:00,2,28
projects/index.html,19,html,ed108440,John,2025-05-02,13:54:24,-07:00,2025-05-02T13:54:24-07:00,2,92
projects/index.html,20,html,ed108440,John,2025-05-02,13:54:24,-07:00,2025-05-02T13:54:24-07:00,1,4
projects/index.html,21,html,ed108440,John,2025-05-02,13:54:24,-07:00,2025-05-02T13:54:24-07:00,1,1
projects/index.html,22,html,ed108440,John,2025-05-02,13:54:24,-07:00,2025-05-02T13:54:24-07:00,0,0
projects/index.html,23,html,38dc7558,John,2025-05-02,19:45:41,-07:00,2025-05-02T19:45:41-07:00,0,0
projects/index.html,24,html,38dc7558,John,2025-05-02,19:45:41,-07:00,2025-05-02T19:45:41-07:00,0,0
projects/index.html,25,html,ed108440,John,2025-05-02,13:54:24,-07:00,2025-05-02T13:54:24-07:00,1,15
projects/index.html,26,html,ed108440,John,2025-05-02,13:54:24,-07:00,2025-05-02T13:54:24-07:00,0,0
projects/index.html,27,html,38dc7558,John,2025-05-02,19:45:41,-07:00,2025-05-02T19:45:41-07:00,1,19
projects/index.html,28,html,38dc7558,John,2025-05-02,19:45:41,-07:00,2025-05-02T19:45:41-07:00,1,4
projects/index.html,29,html,38dc7558,John,2025-05-02,19:45:41,-07:00,2025-05-02T19:45:41-07:00,2,15
projects/index.html,30,html,38dc7558,John,2025-05-02,19:45:41,-07:00,2025-05-02T19:45:41-07:00,2,11
projects/index.html,31,html,38dc7558,John,2025-05-02,19:45:41,-07:00,2025-05-02T19:45:41-07:00,2,26
projects/index.html,32,html,38dc7558,John,2025-05-02,19:45:41,-07:00,2025-05-02T19:45:41-07:00,2,31
projects/index.html,33,html,38dc7558,John,2025-05-02,19:45:41,-07:00,2025-05-02T19:45:41-07:00,1,0
projects/index.html,34,html,38dc7558,John,2025-05-02,19:45:41,-07:00,2025-05-02T19:45:41-07:00,1,0
projects/index.html,35,html,ed108440,John,2025-05-02,13:54:24,-07:00,2025-05-02T13:54:24-07:00,0,0
projects/index.html,36,html,38dc7558,John,2025-05-02,19:45:41,-07:00,2025-05-02T19:45:41-07:00,1,0
projects/index.html,37,html,38dc7558,John,2025-05-02,19:45:41,-07:00,2025-05-02T19:45:41-07:00,1,16
projects/index.html,38,html,ed108440,John,2025-05-02,13:54:24,-07:00,2025-05-02T13:54:24-07:00,1,48
projects/index.html,39,html,38dc7558,John,2025-05-02,19:45:41,-07:00,2025-05-02T19:45:41-07:00,2,32
projects/index.html,40,html,ed108440,John,2025-05-02,13:54:24,-07:00,2025-05-02T13:54:24-07:00,1,4
projects/index.html,41,html,38dc7558,John,2025-05-02,19:45:41,-07:00,2025-05-02T19:45:41-07:00,1,22
projects/index.html,42,html,593ce8bc,John,2025-04-18,20:51:32,-07:00,2025-04-18T20:51:32-07:00,0,0
projects/index.html,43,html,38dc7558,John,2025-05-02,19:45:41,-07:00,2025-05-02T19:45:41-07:00,1,41
projects/index.html,44,html,38dc7558,John,2025-05-02,19:45:41,-07:00,2025-05-02T19:45:41-07:00,1,26
projects/index.html,45,html,38dc7558,John,2025-05-02,19:45:41,-07:00,2025-05-02T19:45:41-07:00,1,0
projects/index.html,46,html,38dc7558,John,2025-05-02,19:45:41,-07:00,2025-05-02T19:45:41-07:00,1,25
projects/index.html,47,html,ed108440,John,2025-05-02,13:54:24,-07:00,2025-05-02T13:54:24-07:00,1,48
projects/index.html,48,html,ed108440,John,2025-05-02,13:54:24,-07:00,2025-05-02T13:54:24-07:00,1,47
projects/index.html,49,html,a8271d8c,John,2025-04-10,18:10:25,-07:00,2025-04-10T18:10:25-07:00,0,0
projects/index.html,50,html,a8271d8c,John,2025-04-10,18:10:25,-07:00,2025-04-10T18:10:25-07:00,0,5
projects/index.html,51,html,ed108440,John,2025-05-02,13:54:24,-07:00,2025-05-02T13:54:24-07:00,0,5
idk/index.html,1,html,a8271d8c,John,2025-04-10,18:10:25,-07:00,2025-04-10T18:10:25-07:00,0,13
idk/index.html,2,html,a8271d8c,John,2025-04-10,18:10:25,-07:00,2025-04-10T18:10:25-07:00,0,14
idk/index.html,3,html,a8271d8c,John,2025-04-10,18:10:25,-07:00,2025-04-10T18:10:25-07:00,0,4
idk/index.html,4,html,a8271d8c,John,2025-04-10,18:10:25,-07:00,2025-04-10T18:10:25-07:00,2,20
idk/index.html,5,html,a8271d8c,John,2025-04-10,18:10:25,-07:00,2025-04-10T18:10:25-07:00,2,68
idk/index.html,6,html,a8271d8c,John,2025-04-10,18:10:25,-07:00,2025-04-10T18:10:25-07:00,2,24
idk/index.html,7,html,a8271d8c,John,2025-04-10,18:10:25,-07:00,2025-04-10T18:10:25-07:00,2,41
idk/index.html,8,html,a8271d8c,John,2025-04-10,18:10:25,-07:00,2025-04-10T18:10:25-07:00,0,0
idk/index.html,9,html,a8271d8c,John,2025-04-10,18:10:25,-07:00,2025-04-10T18:10:25-07:00,0,5
idk/index.html,10,html,a8271d8c,John,2025-04-10,18:10:25,-07:00,2025-04-10T18:10:25-07:00,0,4
idk/index.html,11,html,593ce8bc,John,2025-04-18,20:51:32,-07:00,2025-04-18T20:51:32-07:00,0,0
idk/index.html,12,html,593ce8bc,John,2025-04-18,20:51:32,-07:00,2025-04-18T20:51:32-07:00,2,46
idk/index.html,13,html,593ce8bc,John,2025-04-18,20:51:32,-07:00,2025-04-18T20:51:32-07:00,0,0
idk/index.html,14,html,593ce8bc,John,2025-04-18,20:51:32,-07:00,2025-04-18T20:51:32-07:00,2,8
idk/index.html,15,html,a8271d8c,John,2025-04-10,18:10:25,-07:00,2025-04-10T18:10:25-07:00,4,30
idk/index.html,16,html,a8271d8c,John,2025-04-10,18:10:25,-07:00,2025-04-10T18:10:25-07:00,4,33
idk/index.html,17,html,a8271d8c,John,2025-04-10,18:10:25,-07:00,2025-04-10T18:10:25-07:00,4,31
idk/index.html,18,html,a8271d8c,John,2025-04-10,18:10:25,-07:00,2025-04-10T18:10:25-07:00,4,20
idk/index.html,19,html,593ce8bc,John,2025-04-18,20:51:32,-07:00,2025-04-18T20:51:32-07:00,4,43
idk/index.html,20,html,a8271d8c,John,2025-04-10,18:10:25,-07:00,2025-04-10T18:10:25-07:00,4,92
idk/index.html,21,html,593ce8bc,John,2025-04-18,20:51:32,-07:00,2025-04-18T20:51:32-07:00,3,8
idk/index.html,22,html,593ce8bc,John,2025-04-18,20:51:32,-07:00,2025-04-18T20:51:32-07:00,0,0
idk/index.html,23,html,593ce8bc,John,2025-04-18,20:51:32,-07:00,2025-04-18T20:51:32-07:00,3,0
idk/index.html,24,html,a8271d8c,John,2025-04-10,18:10:25,-07:00,2025-04-10T18:10:25-07:00,3,71
idk/index.html,25,html,a8271d8c,John,2025-04-10,18:10:25,-07:00,2025-04-10T18:10:25-07:00,3,19
idk/index.html,26,html,a8271d8c,John,2025-04-10,18:10:25,-07:00,2025-04-10T18:10:25-07:00,3,16
idk/index.html,27,html,a8271d8c,John,2025-04-10,18:10:25,-07:00,2025-04-10T18:10:25-07:00,3,12
idk/index.html,28,html,a8271d8c,John,2025-04-10,18:10:25,-07:00,2025-04-10T18:10:25-07:00,3,11
idk/index.html,29,html,a8271d8c,John,2025-04-10,18:10:25,-07:00,2025-04-10T18:10:25-07:00,3,11
idk/index.html,30,html,a8271d8c,John,2025-04-10,18:10:25,-07:00,2025-04-10T18:10:25-07:00,3,10
idk/index.html,31,html,a8271d8c,John,2025-04-10,18:10:25,-07:00,2025-04-10T18:10:25-07:00,3,12
idk/index.html,32,html,a8271d8c,John,2025-04-10,18:10:25,-07:00,2025-04-10T18:10:25-07:00,0,0
idk/index.html,33,html,a8271d8c,John,2025-04-10,18:10:25,-07:00,2025-04-10T18:10:25-07:00,0,0
idk/index.html,34,html,a8271d8c,John,2025-04-10,18:10:25,-07:00,2025-04-10T18:10:25-07:00,0,0
idk/index.html,35,html,a8271d8c,John,2025-04-10,18:10:25,-07:00,2025-04-10T18:10:25-07:00,3,14
idk/index.html,36,html,a8271d8c,John,2025-04-10,18:10:25,-07:00,2025-04-10T18:10:25-07:00,0,0
idk/index.html,37,html,a8271d8c,John,2025-04-10,18:10:25,-07:00,2025-04-10T18:10:25-07:00,4,38
idk/index.html,38,html,a8271d8c,John,2025-04-10,18:10:25,-07:00,2025-04-10T18:10:25-07:00,10,20
idk/index.html,39,html,a8271d8c,John,2025-04-10,18:10:25,-07:00,2025-04-10T18:10:25-07:00,0,0
idk/index.html,40,html,a8271d8c,John,2025-04-10,18:10:25,-07:00,2025-04-10T18:10:25-07:00,0,0
idk/index.html,41,html,a8271d8c,John,2025-04-10,18:10:25,-07:00,2025-04-10T18:10:25-07:00,2,7
idk/index.html,42,html,a8271d8c,John,2025-04-10,18:10:25,-07:00,2025-04-10T18:10:25-07:00,4,15
idk/index.html,43,html,a8271d8c,John,2025-04-10,18:10:25,-07:00,2025-04-10T18:10:25-07:00,4,25
idk/index.html,44,html,a8271d8c,John,2025-04-10,18:10:25,-07:00,2025-04-10T18:10:25-07:00,2,8
idk/index.html,45,html,a8271d8c,John,2025-04-10,18:10:25,-07:00,2025-04-10T18:10:25-07:00,0,0
idk/index.html,46,html,a8271d8c,John,2025-04-10,18:10:25,-07:00,2025-04-10T18:10:25-07:00,2,7
idk/index.html,47,html,a8271d8c,John,2025-04-10,18:10:25,-07:00,2025-04-10T18:10:25-07:00,4,7
idk/index.html,48,html,a8271d8c,John,2025-04-10,18:10:25,-07:00,2025-04-10T18:10:25-07:00,4,7
idk/index.html,49,html,a8271d8c,John,2025-04-10,18:10:25,-07:00,2025-04-10T18:10:25-07:00,6,10
idk/index.html,50,html,a8271d8c,John,2025-04-10,18:10:25,-07:00,2025-04-10T18:10:25-07:00,6,7
idk/index.html,51,html,a8271d8c,John,2025-04-10,18:10:25,-07:00,2025-04-10T18:10:25-07:00,8,55
idk/index.html,52,html,a8271d8c,John,2025-04-10,18:10:25,-07:00,2025-04-10T18:10:25-07:00,8,58
idk/index.html,53,html,a8271d8c,John,2025-04-10,18:10:25,-07:00,2025-04-10T18:10:25-07:00,6,8
idk/index.html,54,html,a8271d8c,John,2025-04-10,18:10:25,-07:00,2025-04-10T18:10:25-07:00,4,8
idk/index.html,55,html,a8271d8c,John,2025-04-10,18:10:25,-07:00,2025-04-10T18:10:25-07:00,2,8
idk/index.html,56,html,a8271d8c,John,2025-04-10,18:10:25,-07:00,2025-04-10T18:10:25-07:00,2,0
idk/index.html,57,html,a8271d8c,John,2025-04-10,18:10:25,-07:00,2025-04-10T18:10:25-07:00,2,7
idk/index.html,58,html,a8271d8c,John,2025-04-10,18:10:25,-07:00,2025-04-10T18:10:25-07:00,4,7
idk/index.html,59,html,a8271d8c,John,2025-04-10,18:10:25,-07:00,2025-04-10T18:10:25-07:00,6,14
idk/index.html,60,html,a8271d8c,John,2025-04-10,18:10:25,-07:00,2025-04-10T18:10:25-07:00,6,32
idk/index.html,61,html,a8271d8c,John,2025-04-10,18:10:25,-07:00,2025-04-10T18:10:25-07:00,6,6
idk/index.html,62,html,a8271d8c,John,2025-04-10,18:10:25,-07:00,2025-04-10T18:10:25-07:00,8,13
idk/index.html,63,html,a8271d8c,John,2025-04-10,18:10:25,-07:00,2025-04-10T18:10:25-07:00,8,40
idk/index.html,64,html,a8271d8c,John,2025-04-10,18:10:25,-07:00,2025-04-10T18:10:25-07:00,6,7
idk/index.html,65,html,a8271d8c,John,2025-04-10,18:10:25,-07:00,2025-04-10T18:10:25-07:00,4,8
idk/index.html,66,html,a8271d8c,John,2025-04-10,18:10:25,-07:00,2025-04-10T18:10:25-07:00,2,8
idk/index.html,67,html,a8271d8c,John,2025-04-10,18:10:25,-07:00,2025-04-10T18:10:25-07:00,0,0
idk/index.html,68,html,a8271d8c,John,2025-04-10,18:10:25,-07:00,2025-04-10T18:10:25-07:00,0,0
idk/index.html,69,html,a8271d8c,John,2025-04-10,18:10:25,-07:00,2025-04-10T18:10:25-07:00,2,2
idk/index.html,70,html,a8271d8c,John,2025-04-10,18:10:25,-07:00,2025-04-10T18:10:25-07:00,4,27
idk/index.html,71,html,a8271d8c,John,2025-04-10,18:10:25,-07:00,2025-04-10T18:10:25-07:00,4,13
idk/index.html,72,html,a8271d8c,John,2025-04-10,18:10:25,-07:00,2025-04-10T18:10:25-07:00,4,13
idk/index.html,73,html,a8271d8c,John,2025-04-10,18:10:25,-07:00,2025-04-10T18:10:25-07:00,3,3
idk/index.html,74,html,a8271d8c,John,2025-04-10,18:10:25,-07:00,2025-04-10T18:10:25-07:00,2,0
idk/index.html,75,html,a8271d8c,John,2025-04-10,18:10:25,-07:00,2025-04-10T18:10:25-07:00,3,7
idk/index.html,76,html,a8271d8c,John,2025-04-10,18:10:25,-07:00,2025-04-10T18:10:25-07:00,4,2
idk/index.html,77,html,a8271d8c,John,2025-04-10,18:10:25,-07:00,2025-04-10T18:10:25-07:00,5,22
idk/index.html,78,html,a8271d8c,John,2025-04-10,18:10:25,-07:00,2025-04-10T18:10:25-07:00,5,10
idk/index.html,79,html,a8271d8c,John,2025-04-10,18:10:25,-07:00,2025-04-10T18:10:25-07:00,5,60
idk/index.html,80,html,a8271d8c,John,2025-04-10,18:10:25,-07:00,2025-04-10T18:10:25-07:00,5,13
idk/index.html,81,html,a8271d8c,John,2025-04-10,18:10:25,-07:00,2025-04-10T18:10:25-07:00,5,13
idk/index.html,82,html,a8271d8c,John,2025-04-10,18:10:25,-07:00,2025-04-10T18:10:25-07:00,5,13
idk/index.html,83,html,a8271d8c,John,2025-04-10,18:10:25,-07:00,2025-04-10T18:10:25-07:00,5,13
idk/index.html,84,html,a8271d8c,John,2025-04-10,18:10:25,-07:00,2025-04-10T18:10:25-07:00,4,3
idk/index.html,85,html,a8271d8c,John,2025-04-10,18:10:25,-07:00,2025-04-10T18:10:25-07:00,3,8
idk/index.html,86,html,a8271d8c,John,2025-04-10,18:10:25,-07:00,2025-04-10T18:10:25-07:00,3,23
idk/index.html,87,html,a8271d8c,John,2025-04-10,18:10:25,-07:00,2025-04-10T18:10:25-07:00,3,23
idk/index.html,88,html,a8271d8c,John,2025-04-10,18:10:25,-07:00,2025-04-10T18:10:25-07:00,3,23
idk/index.html,89,html,a8271d8c,John,2025-04-10,18:10:25,-07:00,2025-04-10T18:10:25-07:00,3,23
idk/index.html,90,html,a8271d8c,John,2025-04-10,18:10:25,-07:00,2025-04-10T18:10:25-07:00,3,23
idk/index.html,91,html,a8271d8c,John,2025-04-10,18:10:25,-07:00,2025-04-10T18:10:25-07:00,3,2
idk/index.html,92,html,a8271d8c,John,2025-04-10,18:10:25,-07:00,2025-04-10T18:10:25-07:00,4,16
idk/index.html,93,html,a8271d8c,John,2025-04-10,18:10:25,-07:00,2025-04-10T18:10:25-07:00,4,16
idk/index.html,94,html,a8271d8c,John,2025-04-10,18:10:25,-07:00,2025-04-10T18:10:25-07:00,0,0
idk/index.html,95,html,a8271d8c,John,2025-04-10,18:10:25,-07:00,2025-04-10T18:10:25-07:00,4,16
idk/index.html,96,html,a8271d8c,John,2025-04-10,18:10:25,-07:00,2025-04-10T18:10:25-07:00,0,0
idk/index.html,97,html,a8271d8c,John,2025-04-10,18:10:25,-07:00,2025-04-10T18:10:25-07:00,4,16
idk/index.html,98,html,a8271d8c,John,2025-04-10,18:10:25,-07:00,2025-04-10T18:10:25-07:00,0,0
idk/index.html,99,html,a8271d8c,John,2025-04-10,18:10:25,-07:00,2025-04-10T18:10:25-07:00,4,16
idk/index.html,100,html,a8271d8c,John,2025-04-10,18:10:25,-07:00,2025-04-10T18:10:25-07:00,0,0
idk/index.html,101,html,a8271d8c,John,2025-04-10,18:10:25,-07:00,2025-04-10T18:10:25-07:00,4,2
idk/index.html,102,html,a8271d8c,John,2025-04-10,18:10:25,-07:00,2025-04-10T18:10:25-07:00,6,19
idk/index.html,103,html,a8271d8c,John,2025-04-10,18:10:25,-07:00,2025-04-10T18:10:25-07:00,6,2
idk/index.html,104,html,a8271d8c,John,2025-04-10,18:10:25,-07:00,2025-04-10T18:10:25-07:00,8,20
idk/index.html,105,html,a8271d8c,John,2025-04-10,18:10:25,-07:00,2025-04-10T18:10:25-07:00,8,20
idk/index.html,106,html,a8271d8c,John,2025-04-10,18:10:25,-07:00,2025-04-10T18:10:25-07:00,8,20
idk/index.html,107,html,a8271d8c,John,2025-04-10,18:10:25,-07:00,2025-04-10T18:10:25-07:00,8,2
idk/index.html,108,html,a8271d8c,John,2025-04-10,18:10:25,-07:00,2025-04-10T18:10:25-07:00,10,20
idk/index.html,109,html,a8271d8c,John,2025-04-10,18:10:25,-07:00,2025-04-10T18:10:25-07:00,10,20
idk/index.html,110,html,a8271d8c,John,2025-04-10,18:10:25,-07:00,2025-04-10T18:10:25-07:00,10,20
idk/index.html,111,html,a8271d8c,John,2025-04-10,18:10:25,-07:00,2025-04-10T18:10:25-07:00,10,22
idk/index.html,112,html,a8271d8c,John,2025-04-10,18:10:25,-07:00,2025-04-10T18:10:25-07:00,10,2
idk/index.html,113,html,a8271d8c,John,2025-04-10,18:10:25,-07:00,2025-04-10T18:10:25-07:00,12,20
idk/index.html,114,html,a8271d8c,John,2025-04-10,18:10:25,-07:00,2025-04-10T18:10:25-07:00,12,20
idk/index.html,115,html,a8271d8c,John,2025-04-10,18:10:25,-07:00,2025-04-10T18:10:25-07:00,12,20
idk/index.html,116,html,a8271d8c,John,2025-04-10,18:10:25,-07:00,2025-04-10T18:10:25-07:00,12,19
idk/index.html,117,html,a8271d8c,John,2025-04-10,18:10:25,-07:00,2025-04-10T18:10:25-07:00,12,22
idk/index.html,118,html,a8271d8c,John,2025-04-10,18:10:25,-07:00,2025-04-10T18:10:25-07:00,8,3
idk/index.html,119,html,a8271d8c,John,2025-04-10,18:10:25,-07:00,2025-04-10T18:10:25-07:00,6,3
idk/index.html,120,html,a8271d8c,John,2025-04-10,18:10:25,-07:00,2025-04-10T18:10:25-07:00,0,0
idk/index.html,121,html,a8271d8c,John,2025-04-10,18:10:25,-07:00,2025-04-10T18:10:25-07:00,4,3
idk/index.html,122,html,a8271d8c,John,2025-04-10,18:10:25,-07:00,2025-04-10T18:10:25-07:00,0,0
idk/index.html,123,html,a8271d8c,John,2025-04-10,18:10:25,-07:00,2025-04-10T18:10:25-07:00,0,0
idk/index.html,124,html,a8271d8c,John,2025-04-10,18:10:25,-07:00,2025-04-10T18:10:25-07:00,4,16
idk/index.html,125,html,a8271d8c,John,2025-04-10,18:10:25,-07:00,2025-04-10T18:10:25-07:00,0,0
idk/index.html,126,html,a8271d8c,John,2025-04-10,18:10:25,-07:00,2025-04-10T18:10:25-07:00,3,3
idk/index.html,127,html,a8271d8c,John,2025-04-10,18:10:25,-07:00,2025-04-10T18:10:25-07:00,0,0
idk/index.html,128,html,a8271d8c,John,2025-04-10,18:10:25,-07:00,2025-04-10T18:10:25-07:00,2,0
idk/index.html,129,html,a8271d8c,John,2025-04-10,18:10:25,-07:00,2025-04-10T18:10:25-07:00,0,5
idk/index.html,130,html,a8271d8c,John,2025-04-10,18:10:25,-07:00,2025-04-10T18:10:25-07:00,0,5
cv/index.html,1,html,31391175,John,2025-04-03,13:29:36,-07:00,2025-04-03T13:29:36-07:00,0,13
cv/index.html,2,html,31391175,John,2025-04-03,13:29:36,-07:00,2025-04-03T13:29:36-07:00,0,14
cv/index.html,3,html,31391175,John,2025-04-03,13:29:36,-07:00,2025-04-03T13:29:36-07:00,0,4
cv/index.html,4,html,31391175,John,2025-04-03,13:29:36,-07:00,2025-04-03T13:29:36-07:00,1,20
cv/index.html,5,html,31391175,John,2025-04-03,13:29:36,-07:00,2025-04-03T13:29:36-07:00,1,30
cv/index.html,6,html,593ce8bc,John,2025-04-18,20:51:32,-07:00,2025-04-18T20:51:32-07:00,1,39
cv/index.html,7,html,31391175,John,2025-04-03,13:29:36,-07:00,2025-04-03T13:29:36-07:00,0,5
cv/index.html,8,html,593ce8bc,John,2025-04-18,20:51:32,-07:00,2025-04-18T20:51:32-07:00,0,15
cv/index.html,9,html,593ce8bc,John,2025-04-18,20:51:32,-07:00,2025-04-18T20:51:32-07:00,0,0
cv/index.html,10,html,593ce8bc,John,2025-04-18,20:51:32,-07:00,2025-04-18T20:51:32-07:00,1,48
cv/index.html,11,html,593ce8bc,John,2025-04-18,20:51:32,-07:00,2025-04-18T20:51:32-07:00,0,0
cv/index.html,12,html,593ce8bc,John,2025-04-18,20:51:32,-07:00,2025-04-18T20:51:32-07:00,1,8
cv/index.html,13,html,31391175,John,2025-04-03,13:29:36,-07:00,2025-04-03T13:29:36-07:00,2,30
cv/index.html,14,html,31391175,John,2025-04-03,13:29:36,-07:00,2025-04-03T13:29:36-07:00,2,33
cv/index.html,15,html,31391175,John,2025-04-03,13:29:36,-07:00,2025-04-03T13:29:36-07:00,2,31
cv/index.html,16,html,593ce8bc,John,2025-04-18,20:51:32,-07:00,2025-04-18T20:51:32-07:00,2,19
cv/index.html,17,html,a8271d8c,John,2025-04-10,18:10:25,-07:00,2025-04-10T18:10:25-07:00,2,28
cv/index.html,18,html,31391175,John,2025-04-03,13:29:36,-07:00,2025-04-03T13:29:36-07:00,2,92
cv/index.html,19,html,593ce8bc,John,2025-04-18,20:51:32,-07:00,2025-04-18T20:51:32-07:00,1,8
cv/index.html,20,html,31391175,John,2025-04-03,13:29:36,-07:00,2025-04-03T13:29:36-07:00,0,0
cv/index.html,21,html,31391175,John,2025-04-03,13:29:36,-07:00,2025-04-03T13:29:36-07:00,1,38
cv/index.html,22,html,31391175,John,2025-04-03,13:29:36,-07:00,2025-04-03T13:29:36-07:00,0,0
cv/index.html,23,html,31391175,John,2025-04-03,13:29:36,-07:00,2025-04-03T13:29:36-07:00,1,7
cv/index.html,24,html,31391175,John,2025-04-03,13:29:36,-07:00,2025-04-03T13:29:36-07:00,2,26
cv/index.html,25,html,31391175,John,2025-04-03,13:29:36,-07:00,2025-04-03T13:29:36-07:00,2,66
cv/index.html,26,html,31391175,John,2025-04-03,13:29:36,-07:00,2025-04-03T13:29:36-07:00,2,26
cv/index.html,27,html,31391175,John,2025-04-03,13:29:36,-07:00,2025-04-03T13:29:36-07:00,2,28
cv/index.html,28,html,31391175,John,2025-04-03,13:29:36,-07:00,2025-04-03T13:29:36-07:00,1,8
cv/index.html,29,html,31391175,John,2025-04-03,13:29:36,-07:00,2025-04-03T13:29:36-07:00,0,0
cv/index.html,30,html,31391175,John,2025-04-03,13:29:36,-07:00,2025-04-03T13:29:36-07:00,1,7
cv/index.html,31,html,31391175,John,2025-04-03,13:29:36,-07:00,2025-04-03T13:29:36-07:00,2,14
cv/index.html,32,html,31391175,John,2025-04-03,13:29:36,-07:00,2025-04-03T13:29:36-07:00,2,184
cv/index.html,33,html,31391175,John,2025-04-03,13:29:36,-07:00,2025-04-03T13:29:36-07:00,1,8
cv/index.html,34,html,31391175,John,2025-04-03,13:29:36,-07:00,2025-04-03T13:29:36-07:00,0,0
cv/index.html,35,html,31391175,John,2025-04-03,13:29:36,-07:00,2025-04-03T13:29:36-07:00,1,7
cv/index.html,36,html,31391175,John,2025-04-03,13:29:36,-07:00,2025-04-03T13:29:36-07:00,2,16
cv/index.html,37,html,31391175,John,2025-04-03,13:29:36,-07:00,2025-04-03T13:29:36-07:00,2,7
cv/index.html,38,html,31391175,John,2025-04-03,13:29:36,-07:00,2025-04-03T13:29:36-07:00,3,6
cv/index.html,39,html,31391175,John,2025-04-03,13:29:36,-07:00,2025-04-03T13:29:36-07:00,4,42
cv/index.html,40,html,31391175,John,2025-04-03,13:29:36,-07:00,2025-04-03T13:29:36-07:00,4,46
cv/index.html,41,html,31391175,John,2025-04-03,13:29:36,-07:00,2025-04-03T13:29:36-07:00,4,39
cv/index.html,42,html,31391175,John,2025-04-03,13:29:36,-07:00,2025-04-03T13:29:36-07:00,3,7
cv/index.html,43,html,31391175,John,2025-04-03,13:29:36,-07:00,2025-04-03T13:29:36-07:00,3,91
cv/index.html,44,html,31391175,John,2025-04-03,13:29:36,-07:00,2025-04-03T13:29:36-07:00,2,8
cv/index.html,45,html,31391175,John,2025-04-03,13:29:36,-07:00,2025-04-03T13:29:36-07:00,1,8
cv/index.html,46,html,31391175,John,2025-04-03,13:29:36,-07:00,2025-04-03T13:29:36-07:00,0,0
cv/index.html,47,html,31391175,John,2025-04-03,13:29:36,-07:00,2025-04-03T13:29:36-07:00,1,7
cv/index.html,48,html,31391175,John,2025-04-03,13:29:36,-07:00,2025-04-03T13:29:36-07:00,2,17
cv/index.html,49,html,31391175,John,2025-04-03,13:29:36,-07:00,2025-04-03T13:29:36-07:00,0,0
cv/index.html,50,html,31391175,John,2025-04-03,13:29:36,-07:00,2025-04-03T13:29:36-07:00,2,7
cv/index.html,51,html,31391175,John,2025-04-03,13:29:36,-07:00,2025-04-03T13:29:36-07:00,3,6
cv/index.html,52,html,31391175,John,2025-04-03,13:29:36,-07:00,2025-04-03T13:29:36-07:00,4,31
cv/index.html,53,html,31391175,John,2025-04-03,13:29:36,-07:00,2025-04-03T13:29:36-07:00,4,44
cv/index.html,54,html,31391175,John,2025-04-03,13:29:36,-07:00,2025-04-03T13:29:36-07:00,4,41
cv/index.html,55,html,31391175,John,2025-04-03,13:29:36,-07:00,2025-04-03T13:29:36-07:00,3,7
cv/index.html,56,html,31391175,John,2025-04-03,13:29:36,-07:00,2025-04-03T13:29:36-07:00,3,158
cv/index.html,57,html,31391175,John,2025-04-03,13:29:36,-07:00,2025-04-03T13:29:36-07:00,2,8
cv/index.html,58,html,31391175,John,2025-04-03,13:29:36,-07:00,2025-04-03T13:29:36-07:00,0,0
cv/index.html,59,html,31391175,John,2025-04-03,13:29:36,-07:00,2025-04-03T13:29:36-07:00,2,7
cv/index.html,60,html,31391175,John,2025-04-03,13:29:36,-07:00,2025-04-03T13:29:36-07:00,3,6
cv/index.html,61,html,31391175,John,2025-04-03,13:29:36,-07:00,2025-04-03T13:29:36-07:00,4,43
cv/index.html,62,html,31391175,John,2025-04-03,13:29:36,-07:00,2025-04-03T13:29:36-07:00,4,41
cv/index.html,63,html,31391175,John,2025-04-03,13:29:36,-07:00,2025-04-03T13:29:36-07:00,4,44
cv/index.html,64,html,31391175,John,2025-04-03,13:29:36,-07:00,2025-04-03T13:29:36-07:00,3,7
cv/index.html,65,html,31391175,John,2025-04-03,13:29:36,-07:00,2025-04-03T13:29:36-07:00,3,86
cv/index.html,66,html,31391175,John,2025-04-03,13:29:36,-07:00,2025-04-03T13:29:36-07:00,2,8
cv/index.html,67,html,31391175,John,2025-04-03,13:29:36,-07:00,2025-04-03T13:29:36-07:00,0,0
cv/index.html,68,html,31391175,John,2025-04-03,13:29:36,-07:00,2025-04-03T13:29:36-07:00,1,8
cv/index.html,69,html,31391175,John,2025-04-03,13:29:36,-07:00,2025-04-03T13:29:36-07:00,0,0
cv/index.html,70,html,31391175,John,2025-04-03,13:29:36,-07:00,2025-04-03T13:29:36-07:00,1,7
cv/index.html,71,html,31391175,John,2025-04-03,13:29:36,-07:00,2025-04-03T13:29:36-07:00,2,13
cv/index.html,72,html,31391175,John,2025-04-03,13:29:36,-07:00,2025-04-03T13:29:36-07:00,2,2
cv/index.html,73,html,31391175,John,2025-04-03,13:29:36,-07:00,2025-04-03T13:29:36-07:00,3,21
cv/index.html,74,html,31391175,John,2025-04-03,13:29:36,-07:00,2025-04-03T13:29:36-07:00,3,47
cv/index.html,75,html,31391175,John,2025-04-03,13:29:36,-07:00,2025-04-03T13:29:36-07:00,3,26
cv/index.html,76,html,31391175,John,2025-04-03,13:29:36,-07:00,2025-04-03T13:29:36-07:00,3,54
cv/index.html,77,html,31391175,John,2025-04-03,13:29:36,-07:00,2025-04-03T13:29:36-07:00,2,3
cv/index.html,78,html,31391175,John,2025-04-03,13:29:36,-07:00,2025-04-03T13:29:36-07:00,1,8
cv/index.html,79,html,31391175,John,2025-04-03,13:29:36,-07:00,2025-04-03T13:29:36-07:00,0,0
cv/index.html,80,html,31391175,John,2025-04-03,13:29:36,-07:00,2025-04-03T13:29:36-07:00,1,7
cv/index.html,81,html,31391175,John,2025-04-03,13:29:36,-07:00,2025-04-03T13:29:36-07:00,2,21
cv/index.html,82,html,31391175,John,2025-04-03,13:29:36,-07:00,2025-04-03T13:29:36-07:00,2,2
cv/index.html,83,html,31391175,John,2025-04-03,13:29:36,-07:00,2025-04-03T13:29:36-07:00,3,40
cv/index.html,84,html,31391175,John,2025-04-03,13:29:36,-07:00,2025-04-03T13:29:36-07:00,3,31
cv/index.html,85,html,31391175,John,2025-04-03,13:29:36,-07:00,2025-04-03T13:29:36-07:00,2,3
cv/index.html,86,html,31391175,John,2025-04-03,13:29:36,-07:00,2025-04-03T13:29:36-07:00,1,8
cv/index.html,87,html,31391175,John,2025-04-03,13:29:36,-07:00,2025-04-03T13:29:36-07:00,0,0
cv/index.html,88,html,a8271d8c,John,2025-04-10,18:10:25,-07:00,2025-04-10T18:10:25-07:00,1,0
cv/index.html,89,html,a8271d8c,John,2025-04-10,18:10:25,-07:00,2025-04-10T18:10:25-07:00,0,0
cv/index.html,90,html,31391175,John,2025-04-03,13:29:36,-07:00,2025-04-03T13:29:36-07:00,0,5
cv/index.html,91,html,31391175,John,2025-04-03,13:29:36,-07:00,2025-04-03T13:29:36-07:00,0,5
contact/index.html,1,html,31391175,John,2025-04-03,13:29:36,-07:00,2025-04-03T13:29:36-07:00,0,13
contact/index.html,2,html,31391175,John,2025-04-03,13:29:36,-07:00,2025-04-03T13:29:36-07:00,0,14
contact/index.html,3,html,31391175,John,2025-04-03,13:29:36,-07:00,2025-04-03T13:29:36-07:00,0,4
contact/index.html,4,html,31391175,John,2025-04-03,13:29:36,-07:00,2025-04-03T13:29:36-07:00,2,20
contact/index.html,5,html,31391175,John,2025-04-03,13:29:36,-07:00,2025-04-03T13:29:36-07:00,2,68
contact/index.html,6,html,31391175,John,2025-04-03,13:29:36,-07:00,2025-04-03T13:29:36-07:00,2,20
contact/index.html,7,html,a8271d8c,John,2025-04-10,18:10:25,-07:00,2025-04-10T18:10:25-07:00,2,41
contact/index.html,8,html,a8271d8c,John,2025-04-10,18:10:25,-07:00,2025-04-10T18:10:25-07:00,0,0
contact/index.html,9,html,31391175,John,2025-04-03,13:29:36,-07:00,2025-04-03T13:29:36-07:00,0,5
contact/index.html,10,html,31391175,John,2025-04-03,13:29:36,-07:00,2025-04-03T13:29:36-07:00,0,4
contact/index.html,11,html,593ce8bc,John,2025-04-18,20:51:32,-07:00,2025-04-18T20:51:32-07:00,0,0
contact/index.html,12,html,593ce8bc,John,2025-04-18,20:51:32,-07:00,2025-04-18T20:51:32-07:00,1,46
contact/index.html,13,html,593ce8bc,John,2025-04-18,20:51:32,-07:00,2025-04-18T20:51:32-07:00,0,0
contact/index.html,14,html,593ce8bc,John,2025-04-18,20:51:32,-07:00,2025-04-18T20:51:32-07:00,2,8
contact/index.html,15,html,31391175,John,2025-04-03,13:29:36,-07:00,2025-04-03T13:29:36-07:00,4,30
contact/index.html,16,html,31391175,John,2025-04-03,13:29:36,-07:00,2025-04-03T13:29:36-07:00,4,33
contact/index.html,17,html,593ce8bc,John,2025-04-18,20:51:32,-07:00,2025-04-18T20:51:32-07:00,4,30
contact/index.html,18,html,31391175,John,2025-04-03,13:29:36,-07:00,2025-04-03T13:29:36-07:00,4,20
contact/index.html,19,html,a8271d8c,John,2025-04-10,18:10:25,-07:00,2025-04-10T18:10:25-07:00,4,28
contact/index.html,20,html,31391175,John,2025-04-03,13:29:36,-07:00,2025-04-03T13:29:36-07:00,4,92
contact/index.html,21,html,593ce8bc,John,2025-04-18,20:51:32,-07:00,2025-04-18T20:51:32-07:00,2,8
contact/index.html,22,html,593ce8bc,John,2025-04-18,20:51:32,-07:00,2025-04-18T20:51:32-07:00,0,0
contact/index.html,23,html,31391175,John,2025-04-03,13:29:36,-07:00,2025-04-03T13:29:36-07:00,2,14
contact/index.html,24,html,31391175,John,2025-04-03,13:29:36,-07:00,2025-04-03T13:29:36-07:00,0,0
contact/index.html,25,html,31391175,John,2025-04-03,13:29:36,-07:00,2025-04-03T13:29:36-07:00,2,80
contact/index.html,26,html,31391175,John,2025-04-03,13:29:36,-07:00,2025-04-03T13:29:36-07:00,0,0
contact/index.html,27,html,31391175,John,2025-04-03,13:29:36,-07:00,2025-04-03T13:29:36-07:00,4,5
contact/index.html,28,html,31391175,John,2025-04-03,13:29:36,-07:00,2025-04-03T13:29:36-07:00,5,9
contact/index.html,29,html,31391175,John,2025-04-03,13:29:36,-07:00,2025-04-03T13:29:36-07:00,5,31
contact/index.html,30,html,31391175,John,2025-04-03,13:29:36,-07:00,2025-04-03T13:29:36-07:00,4,6
contact/index.html,31,html,31391175,John,2025-04-03,13:29:36,-07:00,2025-04-03T13:29:36-07:00,3,0
contact/index.html,32,html,31391175,John,2025-04-03,13:29:36,-07:00,2025-04-03T13:29:36-07:00,4,5
contact/index.html,33,html,31391175,John,2025-04-03,13:29:36,-07:00,2025-04-03T13:29:36-07:00,5,6
contact/index.html,34,html,31391175,John,2025-04-03,13:29:36,-07:00,2025-04-03T13:29:36-07:00,5,20
contact/index.html,35,html,31391175,John,2025-04-03,13:29:36,-07:00,2025-04-03T13:29:36-07:00,4,6
contact/index.html,36,html,31391175,John,2025-04-03,13:29:36,-07:00,2025-04-03T13:29:36-07:00,3,0
contact/index.html,37,html,31391175,John,2025-04-03,13:29:36,-07:00,2025-04-03T13:29:36-07:00,4,5
contact/index.html,38,html,31391175,John,2025-04-03,13:29:36,-07:00,2025-04-03T13:29:36-07:00,5,6
contact/index.html,39,html,31391175,John,2025-04-03,13:29:36,-07:00,2025-04-03T13:29:36-07:00,5,50
contact/index.html,40,html,31391175,John,2025-04-03,13:29:36,-07:00,2025-04-03T13:29:36-07:00,4,6
contact/index.html,41,html,31391175,John,2025-04-03,13:29:36,-07:00,2025-04-03T13:29:36-07:00,0,0
contact/index.html,42,html,31391175,John,2025-04-03,13:29:36,-07:00,2025-04-03T13:29:36-07:00,4,19
contact/index.html,43,html,31391175,John,2025-04-03,13:29:36,-07:00,2025-04-03T13:29:36-07:00,3,0
contact/index.html,44,html,31391175,John,2025-04-03,13:29:36,-07:00,2025-04-03T13:29:36-07:00,3,5
contact/index.html,45,html,31391175,John,2025-04-03,13:29:36,-07:00,2025-04-03T13:29:36-07:00,3,0
contact/index.html,46,html,31391175,John,2025-04-03,13:29:36,-07:00,2025-04-03T13:29:36-07:00,2,0
contact/index.html,47,html,31391175,John,2025-04-03,13:29:36,-07:00,2025-04-03T13:29:36-07:00,0,5
contact/index.html,48,html,31391175,John,2025-04-03,13:29:36,-07:00,2025-04-03T13:29:36-07:00,0,5
